amenities,bathrooms,bedrooms,fee,has_photo,pets_allowed,square_feet,latitude,longitude,source,target
-0.45764953760886484,-0.45764953760886484,-0.2127533665117425,-0.6163069479923508,-0.45764953760886473,0.8998995296041937,1.1844777713123638,1.6307484966544228,1.6307484966544228,-0.45764953760886484,2586.0
-0.45764953760886484,-0.45764953760886484,1.0377915792989507,-0.6163069479923508,-0.45764953760886473,-1.1022896931728068,0.4433023528452786,-0.6132153437832747,-0.6132153437832747,-0.45764953760886484,1470.0
-0.45764953760886484,-0.45764953760886484,-0.1971544646286257,1.6225681103507714,-0.45764953760886473,0.9144002910508762,0.8105210829039708,-0.6132153437832747,-0.6132153437832747,-0.45764953760886484,1330.0
-0.45764953760886484,-0.45764953760886484,-0.2127533665117425,-0.6163069479923508,-0.45764953760886473,0.8998995296041937,-1.0154656298649394,1.6307484966544228,1.6307484966544228,-0.45764953760886484,1075.0
2.1850781391035974,2.1850781391035974,1.0770410993524973,-0.6163069479923508,2.1850781391035974,-1.1022896931728068,-0.3450387740697122,-0.6132153437832747,-0.6132153437832747,2.1850781391035974,1010.0
-0.45764953760886484,-0.45764953760886484,1.0377915792989507,-0.6163069479923508,-0.45764953760886473,-1.1022896931728068,-0.8369097335978688,-0.6132153437832747,-0.6132153437832747,-0.45764953760886484,1580.0
-0.45764953760886484,-0.45764953760886484,-2.3503862001637854,-0.6163069479923508,-0.45764953760886473,-1.1022896931728068,-0.27429021139785403,-0.6132153437832747,-0.6132153437832747,-0.45764953760886484,954.0
-0.45764953760886484,-0.45764953760886484,-0.1971544646286257,1.6225681103507714,-0.45764953760886473,0.9144002910508762,-0.8099579001990657,-0.6132153437832747,-0.6132153437832747,-0.45764953760886484,1439.0
-0.45764953760886484,-0.45764953760886484,-0.2127533665117425,-0.6163069479923508,-0.45764953760886473,0.8998995296041937,-1.1670696927332067,1.6307484966544228,1.6307484966544228,-0.45764953760886484,1220.0
-0.45764953760886484,-0.45764953760886484,-0.1971544646286257,1.6225681103507714,-0.45764953760886473,0.9144002910508762,-0.84701667112242,-0.6132153437832747,-0.6132153437832747,-0.45764953760886484,965.0
-0.45764953760886484,-0.45764953760886484,-0.2127533665117425,-0.6163069479923508,-0.45764953760886473,0.8998995296041937,0.490468061293184,1.6307484966544228,1.6307484966544228,-0.45764953760886484,1950.0
-0.45764953760886484,-0.45764953760886484,-2.3503862001637854,-0.6163069479923508,-0.45764953760886473,-1.1022896931728068,2.218754377991433,-0.6132153437832747,-0.6132153437832747,-0.45764953760886484,2700.0
-0.45764953760886484,-0.45764953760886484,1.0377915792989507,-0.6163069479923508,-0.45764953760886473,-1.1022896931728068,0.24790156070395608,-0.6132153437832747,-0.6132153437832747,-0.45764953760886484,2006.0
-0.45764953760886484,-0.45764953760886484,-0.2127533665117425,-0.6163069479923508,-0.45764953760886473,0.8998995296041937,0.30854318585126306,1.6307484966544228,1.6307484966544228,-0.45764953760886484,1205.0
-0.45764953760886484,-0.45764953760886484,-0.2127533665117425,-0.6163069479923508,-0.45764953760886473,0.8998995296041937,0.7700933328057662,1.6307484966544228,1.6307484966544228,-0.45764953760886484,2055.0
-0.45764953760886484,-0.45764953760886484,-0.1971544646286257,1.6225681103507714,-0.45764953760886473,0.9144002910508762,-0.8773374836960735,-0.6132153437832747,-0.6132153437832747,-0.45764953760886484,1925.0
-0.45764953760886484,-0.45764953760886484,-0.2127533665117425,-0.6163069479923508,-0.45764953760886473,0.8998995296041937,-0.9413480880182308,1.6307484966544228,1.6307484966544228,-0.45764953760886484,1830.0
-0.45764953760886484,-0.45764953760886484,-2.3503862001637854,-0.6163069479923508,-0.45764953760886473,-1.1022896931728068,0.3995056235722235,-0.6132153437832747,-0.6132153437832747,-0.45764953760886484,1410.0
-0.45764953760886484,-0.45764953760886484,-0.1971544646286257,1.6225681103507714,-0.45764953760886473,0.9144002910508762,-0.7122575041284044,-0.6132153437832747,-0.6132153437832747,-0.45764953760886484,1144.0
-0.45764953760886484,-0.45764953760886484,-0.2127533665117425,-0.6163069479923508,-0.45764953760886473,0.8998995296041937,1.7875250436105832,1.6307484966544228,1.6307484966544228,-0.45764953760886484,3280.0
-0.45764953760886484,-0.45764953760886484,-0.1971544646286257,1.6225681103507714,-0.45764953760886473,0.9144002910508762,-1.2074974428314114,-0.6132153437832747,-0.6132153437832747,-0.45764953760886484,1455.0
-0.45764953760886484,-0.45764953760886484,-0.2127533665117425,-0.6163069479923508,-0.45764953760886473,0.8998995296041937,0.5847994781889948,1.6307484966544228,1.6307484966544228,-0.45764953760886484,2089.0
-0.45764953760886484,-0.45764953760886484,-2.3503862001637854,-0.6163069479923508,-0.45764953760886473,-1.1022896931728068,0.5140509155171367,-0.6132153437832747,-0.6132153437832747,-0.45764953760886484,1670.0
-0.45764953760886484,-0.45764953760886484,-0.1971544646286257,1.6225681103507714,-0.45764953760886473,0.9144002910508762,-0.6617228165056486,-0.6132153437832747,-0.6132153437832747,-0.45764953760886484,1308.0
2.1850781391035974,2.1850781391035974,1.0770410993524973,-0.6163069479923508,2.1850781391035974,-1.1022896931728068,1.5281136471471033,-0.6132153437832747,-0.6132153437832747,2.1850781391035974,1670.0
2.1850781391035974,2.1850781391035974,1.0770410993524973,-0.6163069479923508,2.1850781391035974,-1.1022896931728068,0.3018052275015623,-0.6132153437832747,-0.6132153437832747,2.1850781391035974,1195.0
-0.45764953760886484,-0.45764953760886484,-0.1971544646286257,1.6225681103507714,-0.45764953760886473,0.9144002910508762,0.2344256440045545,-0.6132153437832747,-0.6132153437832747,-0.45764953760886484,1294.0
-0.45764953760886484,-0.45764953760886484,-0.1971544646286257,1.6225681103507714,-0.45764953760886473,0.9144002910508762,-1.1839145886074587,-0.6132153437832747,-0.6132153437832747,-0.45764953760886484,1149.0
-0.45764953760886484,-0.45764953760886484,-0.2127533665117425,-0.6163069479923508,-0.45764953760886473,0.8998995296041937,0.8509488330021755,1.6307484966544228,1.6307484966544228,-0.45764953760886484,1715.0
-0.45764953760886484,-0.45764953760886484,-0.2127533665117425,-0.6163069479923508,-0.45764953760886473,0.8998995296041937,0.17041503968239716,1.6307484966544228,1.6307484966544228,-0.45764953760886484,710.0
-0.45764953760886484,-0.45764953760886484,1.0377915792989507,-0.6163069479923508,-0.45764953760886473,-1.1022896931728068,-0.9817758381164354,-0.6132153437832747,-0.6132153437832747,-0.45764953760886484,1385.0
-0.45764953760886484,-0.45764953760886484,-2.3503862001637854,-0.6163069479923508,-0.45764953760886473,-1.1022896931728068,0.8172590412536715,-0.6132153437832747,-0.6132153437832747,-0.45764953760886484,2424.0
-0.45764953760886484,-0.45764953760886484,-2.3503862001637854,-0.6163069479923508,-0.45764953760886473,-1.1022896931728068,0.23105666482970413,-0.6132153437832747,-0.6132153437832747,-0.45764953760886484,2174.0
-0.45764953760886484,-0.45764953760886484,-0.2127533665117425,-0.6163069479923508,-0.45764953760886473,0.8998995296041937,-0.7796370876254122,1.6307484966544228,1.6307484966544228,-0.45764953760886484,1175.0
-0.45764953760886484,-0.45764953760886484,-0.2127533665117425,-0.6163069479923508,-0.45764953760886473,0.8998995296041937,0.13335626875904288,1.6307484966544228,1.6307484966544228,-0.45764953760886484,1939.0
-0.45764953760886484,-0.45764953760886484,-0.1971544646286257,1.6225681103507714,-0.45764953760886473,0.9144002910508762,0.7936761870297189,-0.6132153437832747,-0.6132153437832747,-0.45764953760886484,2515.0
-0.45764953760886484,-0.45764953760886484,-0.2127533665117425,-0.6163069479923508,-0.45764953760886473,0.8998995296041937,1.5786483347698592,1.6307484966544228,1.6307484966544228,-0.45764953760886484,2723.0
-0.45764953760886484,-0.45764953760886484,-0.1971544646286257,1.6225681103507714,-0.45764953760886473,0.9144002910508762,-0.6819366915547509,-0.6132153437832747,-0.6132153437832747,-0.45764953760886484,1280.0
-0.45764953760886484,-0.45764953760886484,1.0377915792989507,-0.6163069479923508,-0.45764953760886473,-1.1022896931728068,-0.5235946703367828,-0.6132153437832747,-0.6132153437832747,-0.45764953760886484,1035.0
-0.45764953760886484,-0.45764953760886484,-0.1971544646286257,1.6225681103507714,-0.45764953760886473,0.9144002910508762,0.8105210829039708,-0.6132153437832747,-0.6132153437832747,-0.45764953760886484,1375.0
-0.45764953760886484,-0.45764953760886484,1.0377915792989507,-0.6163069479923508,-0.45764953760886473,-1.1022896931728068,-0.8571236086469711,-0.6132153437832747,-0.6132153437832747,-0.45764953760886484,1620.0
-0.45764953760886484,-0.45764953760886484,-2.3503862001637854,-0.6163069479923508,-0.45764953760886473,-1.1022896931728068,-1.5477643394913005,-0.6132153437832747,-0.6132153437832747,-0.45764953760886484,1424.0
-0.45764953760886484,-0.45764953760886484,-2.3503862001637854,-0.6163069479923508,-0.45764953760886473,-1.1022896931728068,-0.6751987332050502,-0.6132153437832747,-0.6132153437832747,-0.45764953760886484,1245.0
-0.45764953760886484,-0.45764953760886484,-0.2127533665117425,-0.6163069479923508,-0.45764953760886473,0.8998995296041937,-0.7459472958769083,1.6307484966544228,1.6307484966544228,-0.45764953760886484,1616.0
-0.45764953760886484,-0.45764953760886484,1.0377915792989507,-0.6163069479923508,-0.45764953760886473,-1.1022896931728068,-1.1502247968589547,-0.6132153437832747,-0.6132153437832747,-0.45764953760886484,1730.0
-0.45764953760886484,-0.45764953760886484,-0.1971544646286257,1.6225681103507714,-0.45764953760886473,0.9144002910508762,0.43656439449557777,-0.6132153437832747,-0.6132153437832747,-0.45764953760886484,1657.0
2.1850781391035974,2.1850781391035974,1.0770410993524973,-0.6163069479923508,2.1850781391035974,-1.1022896931728068,3.9773615072633355,-0.6132153437832747,-0.6132153437832747,2.1850781391035974,1900.0
-0.45764953760886484,-0.45764953760886484,-0.2127533665117425,-0.6163069479923508,-0.45764953760886473,0.8998995296041937,0.4803611237686328,1.6307484966544228,1.6307484966544228,-0.45764953760886484,1295.0
-0.45764953760886484,-0.45764953760886484,-0.2127533665117425,-0.6163069479923508,-0.45764953760886473,0.8998995296041937,-0.4292632534409719,1.6307484966544228,1.6307484966544228,-0.45764953760886484,1277.0
-0.45764953760886484,-0.45764953760886484,-0.2127533665117425,-0.6163069479923508,-0.45764953760886473,0.8998995296041937,0.7768312911554669,1.6307484966544228,1.6307484966544228,-0.45764953760886484,2995.0
2.1850781391035974,2.1850781391035974,1.0770410993524973,-0.6163069479923508,2.1850781391035974,-1.1022896931728068,-1.325411713951175,-0.6132153437832747,-0.6132153437832747,2.1850781391035974,999.0
-0.45764953760886484,-0.45764953760886484,1.0377915792989507,-0.6163069479923508,-0.45764953760886473,-1.1022896931728068,-0.4157873367415703,-0.6132153437832747,-0.6132153437832747,-0.45764953760886484,1630.0
-0.45764953760886484,-0.45764953760886484,-0.2127533665117425,-0.6163069479923508,-0.45764953760886473,0.8998995296041937,0.5140509155171367,1.6307484966544228,1.6307484966544228,-0.45764953760886484,1375.0
-0.45764953760886484,-0.45764953760886484,-0.1971544646286257,1.6225681103507714,-0.45764953760886473,0.9144002910508762,1.3967234593279383,-0.6132153437832747,-0.6132153437832747,-0.45764953760886484,1638.0
-0.45764953760886484,-0.45764953760886484,-0.1971544646286257,1.6225681103507714,-0.45764953760886473,0.9144002910508762,-0.7796370876254122,-0.6132153437832747,-0.6132153437832747,-0.45764953760886484,1180.0
-0.45764953760886484,-0.45764953760886484,-2.3503862001637854,-0.6163069479923508,-0.45764953760886473,-1.1022896931728068,-0.9211342129691285,-0.6132153437832747,-0.6132153437832747,-0.45764953760886484,1225.0
-0.45764953760886484,-0.45764953760886484,-2.3503862001637854,-0.6163069479923508,-0.45764953760886473,-1.1022896931728068,0.6016443740632468,-0.6132153437832747,-0.6132153437832747,-0.45764953760886484,940.0
-0.45764953760886484,-0.45764953760886484,1.0377915792989507,-0.6163069479923508,-0.45764953760886473,-1.1022896931728068,-0.4764289618888773,-0.6132153437832747,-0.6132153437832747,-0.45764953760886484,1138.0
-0.45764953760886484,-0.45764953760886484,-2.3503862001637854,-0.6163069479923508,-0.45764953760886473,-1.1022896931728068,0.09629749783568863,-0.6132153437832747,-0.6132153437832747,-0.45764953760886484,2502.0
2.1850781391035974,2.1850781391035974,1.0770410993524973,-0.6163069479923508,2.1850781391035974,-1.1022896931728068,-0.6516158789810974,-0.6132153437832747,-0.6132153437832747,2.1850781391035974,1388.0
-0.45764953760886484,-0.45764953760886484,1.0377915792989507,-0.6163069479923508,-0.45764953760886473,-1.1022896931728068,0.31191216502611346,-0.6132153437832747,-0.6132153437832747,-0.45764953760886484,2000.0
-0.45764953760886484,-0.45764953760886484,-0.2127533665117425,-0.6163069479923508,-0.45764953760886473,0.8998995296041937,-0.9548240047176323,1.6307484966544228,1.6307484966544228,-0.45764953760886484,1285.0
-0.45764953760886484,-0.45764953760886484,-0.1971544646286257,1.6225681103507714,-0.45764953760886473,0.9144002910508762,-0.4258942742661215,-0.6132153437832747,-0.6132153437832747,-0.45764953760886484,1160.0
-0.45764953760886484,-0.45764953760886484,-0.1971544646286257,1.6225681103507714,-0.45764953760886473,0.9144002910508762,1.1979536880117654,-0.6132153437832747,-0.6132153437832747,-0.45764953760886484,2915.0
-0.45764953760886484,-0.45764953760886484,-0.1971544646286257,1.6225681103507714,-0.45764953760886473,0.9144002910508762,0.30854318585126306,-0.6132153437832747,-0.6132153437832747,-0.45764953760886484,1210.0
2.1850781391035974,2.1850781391035974,1.0770410993524973,-0.6163069479923508,2.1850781391035974,-1.1022896931728068,-1.1569627552086557,-0.6132153437832747,-0.6132153437832747,2.1850781391035974,1336.0
-0.45764953760886484,-0.45764953760886484,-0.1971544646286257,1.6225681103507714,-0.45764953760886473,0.9144002910508762,-0.8638615669966718,-0.6132153437832747,-0.6132153437832747,-0.45764953760886484,940.0
-0.45764953760886484,-0.45764953760886484,-2.3503862001637854,-0.6163069479923508,-0.45764953760886473,-1.1022896931728068,-1.0087276715152385,-0.6132153437832747,-0.6132153437832747,-0.45764953760886484,1350.0
-0.45764953760886484,-0.45764953760886484,-0.2127533665117425,-0.6163069479923508,-0.45764953760886473,0.8998995296041937,1.1743708337878127,1.6307484966544228,1.6307484966544228,-0.45764953760886484,2150.0
-0.45764953760886484,-0.45764953760886484,-0.1971544646286257,1.6225681103507714,-0.45764953760886473,0.9144002910508762,-1.1670696927332067,-0.6132153437832747,-0.6132153437832747,-0.45764953760886484,1495.0
-0.45764953760886484,-0.45764953760886484,-2.3503862001637854,-0.6163069479923508,-0.45764953760886473,-1.1022896931728068,-0.17322083615234238,-0.6132153437832747,-0.6132153437832747,-0.45764953760886484,1439.0
2.1850781391035974,2.1850781391035974,1.0770410993524973,-0.6163069479923508,2.1850781391035974,-1.1022896931728068,0.44667133202012893,-0.6132153437832747,-0.6132153437832747,2.1850781391035974,2882.0
-0.45764953760886484,-0.45764953760886484,1.0377915792989507,-0.6163069479923508,-0.45764953760886473,-1.1022896931728068,-1.4163741516721355,-0.6132153437832747,-0.6132153437832747,-0.45764953760886484,842.0
-0.45764953760886484,-0.45764953760886484,-2.3503862001637854,-0.6163069479923508,-0.45764953760886473,-1.1022896931728068,-0.786375045975113,-0.6132153437832747,-0.6132153437832747,-0.45764953760886484,1480.0
-0.45764953760886484,-0.45764953760886484,-0.1971544646286257,1.6225681103507714,-0.45764953760886473,0.9144002910508762,0.2344256440045545,-0.6132153437832747,-0.6132153437832747,-0.45764953760886484,1294.0
-0.45764953760886484,-0.45764953760886484,1.0377915792989507,-0.6163069479923508,-0.45764953760886473,-1.1022896931728068,-0.2001726695511455,-0.6132153437832747,-0.6132153437832747,-0.45764953760886484,2049.0
-0.45764953760886484,-0.45764953760886484,-2.3503862001637854,-0.6163069479923508,-0.45764953760886473,-1.1022896931728068,0.5275268322165383,-0.6132153437832747,-0.6132153437832747,-0.45764953760886484,1095.0
2.1850781391035974,2.1850781391035974,1.0770410993524973,-0.6163069479923508,2.1850781391035974,-1.1022896931728068,-1.2849839638529703,-0.6132153437832747,-0.6132153437832747,2.1850781391035974,1076.0
2.1850781391035974,2.1850781391035974,1.0770410993524973,-0.6163069479923508,2.1850781391035974,-1.1022896931728068,0.5140509155171367,-0.6132153437832747,-0.6132153437832747,2.1850781391035974,1620.0
-0.45764953760886484,-0.45764953760886484,-0.1971544646286257,1.6225681103507714,-0.45764953760886473,0.9144002910508762,1.228274500585419,-0.6132153437832747,-0.6132153437832747,-0.45764953760886484,1766.0
2.1850781391035974,2.1850781391035974,1.0770410993524973,-0.6163069479923508,2.1850781391035974,-1.1022896931728068,-0.8773374836960735,-0.6132153437832747,-0.6132153437832747,2.1850781391035974,1320.0
-0.45764953760886484,-0.45764953760886484,1.0377915792989507,-0.6163069479923508,-0.45764953760886473,-1.1022896931728068,-0.21027960707569665,-0.6132153437832747,-0.6132153437832747,-0.45764953760886484,1405.0
-0.45764953760886484,-0.45764953760886484,1.0377915792989507,-0.6163069479923508,-0.45764953760886473,-1.1022896931728068,-0.29113510727210595,-0.6132153437832747,-0.6132153437832747,-0.45764953760886484,1347.0
-0.45764953760886484,-0.45764953760886484,1.0377915792989507,-0.6163069479923508,-0.45764953760886473,-1.1022896931728068,-1.1805456094326083,-0.6132153437832747,-0.6132153437832747,-0.45764953760886484,1291.0
-0.45764953760886484,-0.45764953760886484,1.0377915792989507,-0.6163069479923508,-0.45764953760886473,-1.1022896931728068,-0.07215146090683076,-0.6132153437832747,-0.6132153437832747,-0.45764953760886484,1655.0
-0.45764953760886484,-0.45764953760886484,-2.3503862001637854,-0.6163069479923508,-0.45764953760886473,-1.1022896931728068,0.9789700416464902,-0.6132153437832747,-0.6132153437832747,-0.45764953760886484,3050.0
2.1850781391035974,2.1850781391035974,1.0770410993524973,-0.6163069479923508,2.1850781391035974,-1.1022896931728068,-1.4534329225954896,-0.6132153437832747,-0.6132153437832747,2.1850781391035974,1095.0
-0.45764953760886484,-0.45764953760886484,-0.2127533665117425,-0.6163069479923508,-0.45764953760886473,0.8998995296041937,-0.4932738577631292,1.6307484966544228,1.6307484966544228,-0.45764953760886484,1728.0
-0.45764953760886484,-0.45764953760886484,-0.2127533665117425,-0.6163069479923508,-0.45764953760886473,0.8998995296041937,-0.40904937839186956,1.6307484966544228,1.6307484966544228,-0.45764953760886484,1405.0
-0.45764953760886484,-0.45764953760886484,1.0377915792989507,-0.6163069479923508,-0.45764953760886473,-1.1022896931728068,-1.0929521508864983,-0.6132153437832747,-0.6132153437832747,-0.45764953760886484,1350.0
2.1850781391035974,2.1850781391035974,1.0770410993524973,-0.6163069479923508,2.1850781391035974,-1.1022896931728068,-0.1934347112014447,-0.6132153437832747,-0.6132153437832747,2.1850781391035974,1995.0
-0.45764953760886484,-0.45764953760886484,-0.2127533665117425,-0.6163069479923508,-0.45764953760886473,0.8998995296041937,1.160894917088411,1.6307484966544228,1.6307484966544228,-0.45764953760886484,2840.0
-0.45764953760886484,-0.45764953760886484,-0.2127533665117425,-0.6163069479923508,-0.45764953760886473,0.8998995296041937,-0.873968504521223,1.6307484966544228,1.6307484966544228,-0.45764953760886484,1424.0
-0.45764953760886484,-0.45764953760886484,-0.1971544646286257,1.6225681103507714,-0.45764953760886473,0.9144002910508762,-0.5909742538337904,-0.6132153437832747,-0.6132153437832747,-0.45764953760886484,1254.0
-0.45764953760886484,-0.45764953760886484,-2.3503862001637854,-0.6163069479923508,-0.45764953760886473,-1.1022896931728068,-0.2001726695511455,-0.6132153437832747,-0.6132153437832747,-0.45764953760886484,2009.0
-0.45764953760886484,-0.45764953760886484,-0.1971544646286257,1.6225681103507714,-0.45764953760886473,0.9144002910508762,0.5443717280907902,-0.6132153437832747,-0.6132153437832747,-0.45764953760886484,1651.0
-0.45764953760886484,-0.45764953760886484,-0.2127533665117425,-0.6163069479923508,-0.45764953760886473,0.8998995296041937,1.7369903559878275,1.6307484966544228,1.6307484966544228,-0.45764953760886484,2053.0
-0.45764953760886484,-0.45764953760886484,1.0377915792989507,-0.6163069479923508,-0.45764953760886473,-1.1022896931728068,-0.45621508683977496,-0.6132153437832747,-0.6132153437832747,-0.45764953760886484,1050.0
-0.45764953760886484,-0.45764953760886484,-0.1971544646286257,1.6225681103507714,-0.45764953760886473,0.9144002910508762,-0.7728991292757114,-0.6132153437832747,-0.6132153437832747,-0.45764953760886484,1362.0
-0.45764953760886484,-0.45764953760886484,-0.2127533665117425,-0.6163069479923508,-0.45764953760886473,0.8998995296041937,1.2316434797602693,1.6307484966544228,1.6307484966544228,-0.45764953760886484,3370.0
-0.45764953760886484,-0.45764953760886484,1.0377915792989507,-0.6163069479923508,-0.45764953760886473,-1.1022896931728068,1.2956540840824267,-0.6132153437832747,-0.6132153437832747,-0.45764953760886484,1225.0
-0.45764953760886484,-0.45764953760886484,1.0377915792989507,-0.6163069479923508,-0.45764953760886473,-1.1022896931728068,0.6622859992105538,-0.6132153437832747,-0.6132153437832747,-0.45764953760886484,2080.0
2.1850781391035974,2.1850781391035974,1.0770410993524973,-0.6163069479923508,2.1850781391035974,-1.1022896931728068,-0.6415089414565462,-0.6132153437832747,-0.6132153437832747,2.1850781391035974,2353.0
-0.45764953760886484,-0.45764953760886484,-2.3503862001637854,-0.6163069479923508,-0.45764953760886473,-1.1022896931728068,0.6319651866369003,-0.6132153437832747,-0.6132153437832747,-0.45764953760886484,1660.0
-0.45764953760886484,-0.45764953760886484,-0.1971544646286257,1.6225681103507714,-0.45764953760886473,0.9144002910508762,1.5752793555950089,-0.6132153437832747,-0.6132153437832747,-0.45764953760886484,2260.0
-0.45764953760886484,-0.45764953760886484,-2.3503862001637854,-0.6163069479923508,-0.45764953760886473,-1.1022896931728068,0.6117513115877979,-0.6132153437832747,-0.6132153437832747,-0.45764953760886484,2799.0
-0.45764953760886484,-0.45764953760886484,-0.2127533665117425,-0.6163069479923508,-0.45764953760886473,0.8998995296041937,1.012659833394994,1.6307484966544228,1.6307484966544228,-0.45764953760886484,1845.0
-0.45764953760886484,-0.45764953760886484,-0.2127533665117425,-0.6163069479923508,-0.45764953760886473,0.8998995296041937,-0.27429021139785403,1.6307484966544228,1.6307484966544228,-0.45764953760886484,1100.0
-0.45764953760886484,-0.45764953760886484,-0.1971544646286257,1.6225681103507714,-0.45764953760886473,0.9144002910508762,-0.5235946703367828,-0.6132153437832747,-0.6132153437832747,-0.45764953760886484,1075.0
-0.45764953760886484,-0.45764953760886484,-0.1971544646286257,1.6225681103507714,-0.45764953760886473,0.9144002910508762,0.6252272282871995,-0.6132153437832747,-0.6132153437832747,-0.45764953760886484,1998.0
-0.45764953760886484,-0.45764953760886484,-0.1971544646286257,1.6225681103507714,-0.45764953760886473,0.9144002910508762,0.534264790566239,-0.6132153437832747,-0.6132153437832747,-0.45764953760886484,1585.0
-0.45764953760886484,-0.45764953760886484,-0.1971544646286257,1.6225681103507714,-0.45764953760886473,0.9144002910508762,-0.4663220243643261,-0.6132153437832747,-0.6132153437832747,-0.45764953760886484,1475.0
-0.45764953760886484,-0.45764953760886484,1.0377915792989507,-0.6163069479923508,-0.45764953760886473,-1.1022896931728068,1.41019937602734,-0.6132153437832747,-0.6132153437832747,-0.45764953760886484,1300.0
-0.45764953760886484,-0.45764953760886484,-0.1971544646286257,1.6225681103507714,-0.45764953760886473,0.9144002910508762,-0.9581929838924828,-0.6132153437832747,-0.6132153437832747,-0.45764953760886484,985.0
-0.45764953760886484,-0.45764953760886484,-0.1971544646286257,1.6225681103507714,-0.45764953760886473,0.9144002910508762,0.1367252479338933,-0.6132153437832747,-0.6132153437832747,-0.45764953760886484,1080.0
-0.45764953760886484,-0.45764953760886484,-0.2127533665117425,-0.6163069479923508,-0.45764953760886473,0.8998995296041937,1.012659833394994,1.6307484966544228,1.6307484966544228,-0.45764953760886484,1970.0
-0.45764953760886484,-0.45764953760886484,-0.1971544646286257,1.6225681103507714,-0.45764953760886473,0.9144002910508762,3.903243965416627,-0.6132153437832747,-0.6132153437832747,-0.45764953760886484,2550.0
-0.45764953760886484,-0.45764953760886484,-0.2127533665117425,-0.6163069479923508,-0.45764953760886473,0.8998995296041937,-0.8268027960733176,1.6307484966544228,1.6307484966544228,-0.45764953760886484,1281.0
-0.45764953760886484,-0.45764953760886484,-0.2127533665117425,-0.6163069479923508,-0.45764953760886473,0.8998995296041937,-0.12268614852958658,1.6307484966544228,1.6307484966544228,-0.45764953760886484,1010.0
-0.45764953760886484,-0.45764953760886484,-0.1971544646286257,1.6225681103507714,-0.45764953760886473,0.9144002910508762,0.012073018464428932,-0.6132153437832747,-0.6132153437832747,-0.45764953760886484,1231.0
-0.45764953760886484,-0.45764953760886484,-0.2127533665117425,-0.6163069479923508,-0.45764953760886473,0.8998995296041937,0.17041503968239716,1.6307484966544228,1.6307484966544228,-0.45764953760886484,660.0
2.1850781391035974,2.1850781391035974,1.0770410993524973,-0.6163069479923508,2.1850781391035974,-1.1022896931728068,-0.84701667112242,-0.6132153437832747,-0.6132153437832747,2.1850781391035974,1225.0
-0.45764953760886484,-0.45764953760886484,1.0377915792989507,-0.6163069479923508,-0.45764953760886473,-1.1022896931728068,0.45340929036982974,-0.6132153437832747,-0.6132153437832747,-0.45764953760886484,1338.0
-0.45764953760886484,-0.45764953760886484,-0.1971544646286257,1.6225681103507714,-0.45764953760886473,0.9144002910508762,1.9492360440034018,-0.6132153437832747,-0.6132153437832747,-0.45764953760886484,1835.0
-0.45764953760886484,-0.45764953760886484,-0.2127533665117425,-0.6163069479923508,-0.45764953760886473,0.8998995296041937,0.25800849822850724,1.6307484966544228,1.6307484966544228,-0.45764953760886484,1100.0
-0.45764953760886484,-0.45764953760886484,1.0377915792989507,-0.6163069479923508,-0.45764953760886473,-1.1022896931728068,-1.291721922202671,-0.6132153437832747,-0.6132153437832747,-0.45764953760886484,1000.0
-0.45764953760886484,-0.45764953760886484,-0.2127533665117425,-0.6163069479923508,-0.45764953760886473,0.8998995296041937,-0.6819366915547509,1.6307484966544228,1.6307484966544228,-0.45764953760886484,1316.0
-0.45764953760886484,-0.45764953760886484,-0.1971544646286257,1.6225681103507714,-0.45764953760886473,0.9144002910508762,0.7566174161063646,-0.6132153437832747,-0.6132153437832747,-0.45764953760886484,1395.0
-0.45764953760886484,-0.45764953760886484,-0.1971544646286257,1.6225681103507714,-0.45764953760886473,0.9144002910508762,-1.8779242986266385,-0.6132153437832747,-0.6132153437832747,-0.45764953760886484,1010.0
-0.45764953760886484,-0.45764953760886484,-2.3503862001637854,-0.6163069479923508,-0.45764953760886473,-1.1022896931728068,-0.7156264833032548,-0.6132153437832747,-0.6132153437832747,-0.45764953760886484,1158.0
-0.45764953760886484,-0.45764953760886484,-0.1971544646286257,1.6225681103507714,-0.45764953760886473,0.9144002910508762,-1.005358692340388,-0.6132153437832747,-0.6132153437832747,-0.45764953760886484,1687.0
-0.45764953760886484,-0.45764953760886484,-0.2127533665117425,-0.6163069479923508,-0.45764953760886473,0.8998995296041937,-1.6353577980374105,1.6307484966544228,1.6307484966544228,-0.45764953760886484,1315.0
-0.45764953760886484,-0.45764953760886484,-0.1971544646286257,1.6225681103507714,-0.45764953760886473,0.9144002910508762,-0.45958406601462537,-0.6132153437832747,-0.6132153437832747,-0.45764953760886484,1319.0
-0.45764953760886484,-0.45764953760886484,-0.1971544646286257,1.6225681103507714,-0.45764953760886473,0.9144002910508762,-0.24060041964935014,-0.6132153437832747,-0.6132153437832747,-0.45764953760886484,1755.0
-0.45764953760886484,-0.45764953760886484,-0.2127533665117425,-0.6163069479923508,-0.45764953760886473,0.8998995296041937,-0.7796370876254122,1.6307484966544228,1.6307484966544228,-0.45764953760886484,799.0
-0.45764953760886484,-0.45764953760886484,-0.2127533665117425,-0.6163069479923508,-0.45764953760886473,0.8998995296041937,1.7875250436105832,1.6307484966544228,1.6307484966544228,-0.45764953760886484,820.0
-0.45764953760886484,-0.45764953760886484,-0.2127533665117425,-0.6163069479923508,-0.45764953760886473,0.8998995296041937,-0.813326879373916,1.6307484966544228,1.6307484966544228,-0.45764953760886484,1435.0
-0.45764953760886484,-0.45764953760886484,1.0377915792989507,-0.6163069479923508,-0.45764953760886473,-1.1022896931728068,-1.359101505699679,-0.6132153437832747,-0.6132153437832747,-0.45764953760886484,968.0
-0.45764953760886484,-0.45764953760886484,-0.2127533665117425,-0.6163069479923508,-0.45764953760886473,0.8998995296041937,-0.8099579001990657,1.6307484966544228,1.6307484966544228,-0.45764953760886484,1329.0
2.1850781391035974,2.1850781391035974,1.0770410993524973,-0.6163069479923508,2.1850781391035974,-1.1022896931728068,-0.6684607748553494,-0.6132153437832747,-0.6132153437832747,2.1850781391035974,1399.0
2.1850781391035974,2.1850781391035974,1.0770410993524973,-0.6163069479923508,2.1850781391035974,-1.1022896931728068,0.025548935163830482,-0.6132153437832747,-0.6132153437832747,2.1850781391035974,2000.0
-0.45764953760886484,-0.45764953760886484,-0.2127533665117425,-0.6163069479923508,-0.45764953760886473,0.8998995296041937,0.5140509155171367,1.6307484966544228,1.6307484966544228,-0.45764953760886484,1602.0
-0.45764953760886484,-0.45764953760886484,1.0377915792989507,-0.6163069479923508,-0.45764953760886473,-1.1022896931728068,-1.6218818813380091,-0.6132153437832747,-0.6132153437832747,-0.45764953760886484,500.0
2.1850781391035974,2.1850781391035974,1.0770410993524973,-0.6163069479923508,2.1850781391035974,-1.1022896931728068,-0.6853056707296014,-0.6132153437832747,-0.6132153437832747,2.1850781391035974,1366.0
-0.45764953760886484,-0.45764953760886484,-0.2127533665117425,-0.6163069479923508,-0.45764953760886473,0.8998995296041937,-0.24733837799905092,1.6307484966544228,1.6307484966544228,-0.45764953760886484,1675.0
2.1850781391035974,2.1850781391035974,1.0770410993524973,-0.6163069479923508,2.1850781391035974,-1.1022896931728068,0.5005749988177352,-0.6132153437832747,-0.6132153437832747,2.1850781391035974,1025.0
2.1850781391035974,2.1850781391035974,1.0770410993524973,-0.6163069479923508,2.1850781391035974,-1.1022896931728068,0.507312957167436,-0.6132153437832747,-0.6132153437832747,2.1850781391035974,1633.0
-0.45764953760886484,-0.45764953760886484,-0.1971544646286257,1.6225681103507714,-0.45764953760886473,0.9144002910508762,-1.1064280675858997,-0.6132153437832747,-0.6132153437832747,-0.45764953760886484,1341.0
-0.45764953760886484,-0.45764953760886484,-0.2127533665117425,-0.6163069479923508,-0.45764953760886473,0.8998995296041937,0.7903072078548685,1.6307484966544228,1.6307484966544228,-0.45764953760886484,2656.0
-0.45764953760886484,-0.45764953760886484,1.0377915792989507,-0.6163069479923508,-0.45764953760886473,-1.1022896931728068,0.7835692495051677,-0.6132153437832747,-0.6132153437832747,-0.45764953760886484,1685.0
-0.45764953760886484,-0.45764953760886484,1.0377915792989507,-0.6163069479923508,-0.45764953760886473,-1.1022896931728068,-0.786375045975113,-0.6132153437832747,-0.6132153437832747,-0.45764953760886484,1529.0
-0.45764953760886484,-0.45764953760886484,-0.2127533665117425,-0.6163069479923508,-0.45764953760886473,0.8998995296041937,0.7364035410572622,1.6307484966544228,1.6307484966544228,-0.45764953760886484,1650.0
-0.45764953760886484,-0.45764953760886484,-0.1971544646286257,1.6225681103507714,-0.45764953760886473,0.9144002910508762,0.264746456578208,-0.6132153437832747,-0.6132153437832747,-0.45764953760886484,2256.0
-0.45764953760886484,-0.45764953760886484,-0.2127533665117425,-0.6163069479923508,-0.45764953760886473,0.8998995296041937,1.4674720219997963,1.6307484966544228,1.6307484966544228,-0.45764953760886484,2300.0
-0.45764953760886484,-0.45764953760886484,-0.2127533665117425,-0.6163069479923508,-0.45764953760886473,0.8998995296041937,-0.6819366915547509,1.6307484966544228,1.6307484966544228,-0.45764953760886484,1245.0
-0.45764953760886484,-0.45764953760886484,-2.3503862001637854,-0.6163069479923508,-0.45764953760886473,-1.1022896931728068,1.332712855005781,-0.6132153437832747,-0.6132153437832747,-0.45764953760886484,3015.0
-0.45764953760886484,-0.45764953760886484,-0.2127533665117425,-0.6163069479923508,-0.45764953760886473,0.8998995296041937,-0.84701667112242,1.6307484966544228,1.6307484966544228,-0.45764953760886484,1529.0
-0.45764953760886484,-0.45764953760886484,-0.2127533665117425,-0.6163069479923508,-0.45764953760886473,0.8998995296041937,0.7700933328057662,1.6307484966544228,1.6307484966544228,-0.45764953760886484,1150.0
-0.45764953760886484,-0.45764953760886484,-0.2127533665117425,-0.6163069479923508,-0.45764953760886473,0.8998995296041937,-0.9548240047176323,1.6307484966544228,1.6307484966544228,-0.45764953760886484,1735.0
-0.45764953760886484,-0.45764953760886484,-0.1971544646286257,1.6225681103507714,-0.45764953760886473,0.9144002910508762,-0.6111881288828928,-0.6132153437832747,-0.6132153437832747,-0.45764953760886484,1191.0
-0.45764953760886484,-0.45764953760886484,-0.2127533665117425,-0.6163069479923508,-0.45764953760886473,0.8998995296041937,2.5994490247495268,1.6307484966544228,1.6307484966544228,-0.45764953760886484,2400.0
-0.45764953760886484,-0.45764953760886484,-0.2127533665117425,-0.6163069479923508,-0.45764953760886473,0.8998995296041937,1.7875250436105832,1.6307484966544228,1.6307484966544228,-0.45764953760886484,820.0
-0.45764953760886484,-0.45764953760886484,-0.2127533665117425,-0.6163069479923508,-0.45764953760886473,0.8998995296041937,0.11651137288479095,1.6307484966544228,1.6307484966544228,-0.45764953760886484,1309.0
-0.45764953760886484,-0.45764953760886484,-0.2127533665117425,-0.6163069479923508,-0.45764953760886473,0.8998995296041937,-1.099690109236199,1.6307484966544228,1.6307484966544228,-0.45764953760886484,1315.0
-0.45764953760886484,-0.45764953760886484,1.0377915792989507,-0.6163069479923508,-0.45764953760886473,-1.1022896931728068,1.8717495229818428,-0.6132153437832747,-0.6132153437832747,-0.45764953760886484,2925.0
-0.45764953760886484,-0.45764953760886484,-0.1971544646286257,1.6225681103507714,-0.45764953760886473,0.9144002910508762,0.490468061293184,-0.6132153437832747,-0.6132153437832747,-0.45764953760886484,1600.0
2.1850781391035974,2.1850781391035974,1.0770410993524973,-0.6163069479923508,2.1850781391035974,-1.1022896931728068,-1.005358692340388,-0.6132153437832747,-0.6132153437832747,2.1850781391035974,1390.0
-0.45764953760886484,-0.45764953760886484,-2.3503862001637854,-0.6163069479923508,-0.45764953760886473,-1.1022896931728068,-1.1535937760338053,-0.6132153437832747,-0.6132153437832747,-0.45764953760886484,1278.0
2.1850781391035974,2.1850781391035974,1.0770410993524973,-0.6163069479923508,2.1850781391035974,-1.1022896931728068,-0.43600121179067264,-0.6132153437832747,-0.6132153437832747,2.1850781391035974,1585.0
-0.45764953760886484,-0.45764953760886484,-0.2127533665117425,-0.6163069479923508,-0.45764953760886473,0.8998995296041937,0.8610557705267267,1.6307484966544228,1.6307484966544228,-0.45764953760886484,2060.0
2.1850781391035974,2.1850781391035974,1.0770410993524973,-0.6163069479923508,2.1850781391035974,-1.1022896931728068,0.551109686440491,-0.6132153437832747,-0.6132153437832747,2.1850781391035974,1360.0
-0.45764953760886484,-0.45764953760886484,-2.3503862001637854,-0.6163069479923508,-0.45764953760886473,-1.1022896931728068,-0.17322083615234238,-0.6132153437832747,-0.6132153437832747,-0.45764953760886484,1390.0
2.1850781391035974,2.1850781391035974,1.0770410993524973,-0.6163069479923508,2.1850781391035974,-1.1022896931728068,-1.6623096314362138,-0.6132153437832747,-0.6132153437832747,2.1850781391035974,1355.0
2.1850781391035974,2.1850781391035974,1.0770410993524973,-0.6163069479923508,2.1850781391035974,-1.1022896931728068,2.043567460899213,-0.6132153437832747,-0.6132153437832747,2.1850781391035974,2500.0
-0.45764953760886484,-0.45764953760886484,1.0377915792989507,-0.6163069479923508,-0.45764953760886473,-1.1022896931728068,-0.27429021139785403,-0.6132153437832747,-0.6132153437832747,-0.45764953760886484,1041.0
-0.45764953760886484,-0.45764953760886484,1.0377915792989507,-0.6163069479923508,-0.45764953760886473,-1.1022896931728068,1.8010009603099848,-0.6132153437832747,-0.6132153437832747,-0.45764953760886484,2465.0
-0.45764953760886484,-0.45764953760886484,-0.1971544646286257,1.6225681103507714,-0.45764953760886473,0.9144002910508762,-0.813326879373916,-0.6132153437832747,-0.6132153437832747,-0.45764953760886484,1360.0
2.1850781391035974,2.1850781391035974,1.0770410993524973,-0.6163069479923508,2.1850781391035974,-1.1022896931728068,-1.1131660259356007,-0.6132153437832747,-0.6132153437832747,2.1850781391035974,1546.0
-0.45764953760886484,-0.45764953760886484,-0.1971544646286257,1.6225681103507714,-0.45764953760886473,0.9144002910508762,-0.9245031921439788,-0.6132153437832747,-0.6132153437832747,-0.45764953760886484,1645.0
-0.45764953760886484,-0.45764953760886484,-0.2127533665117425,-0.6163069479923508,-0.45764953760886473,0.8998995296041937,-0.37535958664336566,1.6307484966544228,1.6307484966544228,-0.45764953760886484,1160.0
-0.45764953760886484,-0.45764953760886484,-0.1971544646286257,1.6225681103507714,-0.45764953760886473,0.9144002910508762,-1.2849839638529703,-0.6132153437832747,-0.6132153437832747,-0.45764953760886484,1093.0
2.1850781391035974,2.1850781391035974,1.0770410993524973,-0.6163069479923508,2.1850781391035974,-1.1022896931728068,0.5544786656153413,-0.6132153437832747,-0.6132153437832747,2.1850781391035974,1280.0
-0.45764953760886484,-0.45764953760886484,-0.2127533665117425,-0.6163069479923508,-0.45764953760886473,0.8998995296041937,-0.4292632534409719,1.6307484966544228,1.6307484966544228,-0.45764953760886484,1383.0
-0.45764953760886484,-0.45764953760886484,-0.1971544646286257,1.6225681103507714,-0.45764953760886473,0.9144002910508762,1.5011618137483003,-0.6132153437832747,-0.6132153437832747,-0.45764953760886484,3021.0
-0.45764953760886484,-0.45764953760886484,-0.2127533665117425,-0.6163069479923508,-0.45764953760886473,0.8998995296041937,0.6353341658117506,1.6307484966544228,1.6307484966544228,-0.45764953760886484,1727.0
-0.45764953760886484,-0.45764953760886484,1.0377915792989507,-0.6163069479923508,-0.45764953760886473,-1.1022896931728068,0.3995056235722235,-0.6132153437832747,-0.6132153437832747,-0.45764953760886484,1155.0
-0.45764953760886484,-0.45764953760886484,-0.2127533665117425,-0.6163069479923508,-0.45764953760886473,0.8998995296041937,-0.5909742538337904,1.6307484966544228,1.6307484966544228,-0.45764953760886484,1156.0
-0.45764953760886484,-0.45764953760886484,-0.2127533665117425,-0.6163069479923508,-0.45764953760886473,0.8998995296041937,-0.4966428369379796,1.6307484966544228,1.6307484966544228,-0.45764953760886484,1595.0
-0.45764953760886484,-0.45764953760886484,-2.3503862001637854,-0.6163069479923508,-0.45764953760886473,-1.1022896931728068,7.892115308439486,-0.6132153437832747,-0.6132153437832747,-0.45764953760886484,4200.0
-0.45764953760886484,-0.45764953760886484,-0.2127533665117425,-0.6163069479923508,-0.45764953760886473,0.8998995296041937,-0.7392093375272075,1.6307484966544228,1.6307484966544228,-0.45764953760886484,1314.0
-0.45764953760886484,-0.45764953760886484,-0.1971544646286257,1.6225681103507714,-0.45764953760886473,0.9144002910508762,0.5275268322165383,-0.6132153437832747,-0.6132153437832747,-0.45764953760886484,1738.0
-0.45764953760886484,-0.45764953760886484,-2.3503862001637854,-0.6163069479923508,-0.45764953760886473,-1.1022896931728068,-0.9480860463679316,-0.6132153437832747,-0.6132153437832747,-0.45764953760886484,1169.0
-0.45764953760886484,-0.45764953760886484,-2.3503862001637854,-0.6163069479923508,-0.45764953760886473,-1.1022896931728068,-0.2709212322230036,-0.6132153437832747,-0.6132153437832747,-0.45764953760886484,1252.0
-0.45764953760886484,-0.45764953760886484,-0.1971544646286257,1.6225681103507714,-0.45764953760886473,0.9144002910508762,0.35570889429916847,-0.6132153437832747,-0.6132153437832747,-0.45764953760886484,1286.0
-0.45764953760886484,-0.45764953760886484,-2.3503862001637854,-0.6163069479923508,-0.45764953760886473,-1.1022896931728068,2.0401984817243624,-0.6132153437832747,-0.6132153437832747,-0.45764953760886484,1858.0
-0.45764953760886484,-0.45764953760886484,-2.3503862001637854,-0.6163069479923508,-0.45764953760886473,-1.1022896931728068,2.1918025445926297,-0.6132153437832747,-0.6132153437832747,-0.45764953760886484,1854.0
-0.45764953760886484,-0.45764953760886484,-0.1971544646286257,1.6225681103507714,-0.45764953760886473,0.9144002910508762,-0.1395310444038385,-0.6132153437832747,-0.6132153437832747,-0.45764953760886484,1360.0
2.1850781391035974,2.1850781391035974,1.0770410993524973,-0.6163069479923508,2.1850781391035974,-1.1022896931728068,-0.4764289618888773,-0.6132153437832747,-0.6132153437832747,2.1850781391035974,959.0
-0.45764953760886484,-0.45764953760886484,-2.3503862001637854,-0.6163069479923508,-0.45764953760886473,-1.1022896931728068,-1.359101505699679,-0.6132153437832747,-0.6132153437832747,-0.45764953760886484,1125.0
2.1850781391035974,2.1850781391035974,1.0770410993524973,-0.6163069479923508,2.1850781391035974,-1.1022896931728068,-0.8705995253463726,-0.6132153437832747,-0.6132153437832747,2.1850781391035974,1695.0
-0.45764953760886484,-0.45764953760886484,-0.1971544646286257,1.6225681103507714,-0.45764953760886473,0.9144002910508762,-0.46969100353917653,-0.6132153437832747,-0.6132153437832747,-0.45764953760886484,1499.0
-0.45764953760886484,-0.45764953760886484,-0.1971544646286257,1.6225681103507714,-0.45764953760886473,0.9144002910508762,1.0530875834931988,-0.6132153437832747,-0.6132153437832747,-0.45764953760886484,1660.0
-0.45764953760886484,-0.45764953760886484,1.0377915792989507,-0.6163069479923508,-0.45764953760886473,-1.1022896931728068,-0.3854665241679168,-0.6132153437832747,-0.6132153437832747,-0.45764953760886484,1220.0
2.1850781391035974,2.1850781391035974,1.0770410993524973,-0.6163069479923508,2.1850781391035974,-1.1022896931728068,-0.4427391701403734,-0.6132153437832747,-0.6132153437832747,2.1850781391035974,1504.0
-0.45764953760886484,-0.45764953760886484,-0.1971544646286257,1.6225681103507714,-0.45764953760886473,0.9144002910508762,-1.2715080471535687,-0.6132153437832747,-0.6132153437832747,-0.45764953760886484,1450.0
-0.45764953760886484,-0.45764953760886484,-0.2127533665117425,-0.6163069479923508,-0.45764953760886473,0.8998995296041937,1.9492360440034018,1.6307484966544228,1.6307484966544228,-0.45764953760886484,2599.0
-0.45764953760886484,-0.45764953760886484,-0.2127533665117425,-0.6163069479923508,-0.45764953760886473,0.8998995296041937,0.06260770608718474,1.6307484966544228,1.6307484966544228,-0.45764953760886484,2700.0
-0.45764953760886484,-0.45764953760886484,1.0377915792989507,-0.6163069479923508,-0.45764953760886473,-1.1022896931728068,0.881269645575829,-0.6132153437832747,-0.6132153437832747,-0.45764953760886484,3290.0
2.1850781391035974,2.1850781391035974,1.0770410993524973,-0.6163069479923508,2.1850781391035974,-1.1022896931728068,-0.8874444212206246,-0.6132153437832747,-0.6132153437832747,2.1850781391035974,1660.0
-0.45764953760886484,-0.45764953760886484,-2.3503862001637854,-0.6163069479923508,-0.45764953760886473,-1.1022896931728068,2.117685002745921,-0.6132153437832747,-0.6132153437832747,-0.45764953760886484,2963.0
-0.45764953760886484,-0.45764953760886484,-0.1971544646286257,1.6225681103507714,-0.45764953760886473,0.9144002910508762,0.22431870648000335,-0.6132153437832747,-0.6132153437832747,-0.45764953760886484,1274.0
-0.45764953760886484,-0.45764953760886484,-0.1971544646286257,1.6225681103507714,-0.45764953760886473,0.9144002910508762,0.3456019567746173,-0.6132153437832747,-0.6132153437832747,-0.45764953760886484,1580.0
-0.45764953760886484,-0.45764953760886484,1.0377915792989507,-0.6163069479923508,-0.45764953760886473,-1.1022896931728068,-1.4399570058960882,-0.6132153437832747,-0.6132153437832747,-0.45764953760886484,1165.0
-0.45764953760886484,-0.45764953760886484,1.0377915792989507,-0.6163069479923508,-0.45764953760886473,-1.1022896931728068,0.7835692495051677,-0.6132153437832747,-0.6132153437832747,-0.45764953760886484,1399.0
-0.45764953760886484,-0.45764953760886484,-0.1971544646286257,1.6225681103507714,-0.45764953760886473,0.9144002910508762,0.8442108746524747,-0.6132153437832747,-0.6132153437832747,-0.45764953760886484,1939.0
-0.45764953760886484,-0.45764953760886484,-0.2127533665117425,-0.6163069479923508,-0.45764953760886473,0.8998995296041937,-0.6684607748553494,1.6307484966544228,1.6307484966544228,-0.45764953760886484,1639.0
-0.45764953760886484,-0.45764953760886484,-2.3503862001637854,-0.6163069479923508,-0.45764953760886473,-1.1022896931728068,0.6319651866369003,-0.6132153437832747,-0.6132153437832747,-0.45764953760886484,1625.0
-0.45764953760886484,-0.45764953760886484,-0.2127533665117425,-0.6163069479923508,-0.45764953760886473,0.8998995296041937,1.7470972935123785,1.6307484966544228,1.6307484966544228,-0.45764953760886484,1378.0
-0.45764953760886484,-0.45764953760886484,-0.1971544646286257,1.6225681103507714,-0.45764953760886473,0.9144002910508762,-0.4494771284900742,-0.6132153437832747,-0.6132153437832747,-0.45764953760886484,1860.0
-0.45764953760886484,-0.45764953760886484,1.0377915792989507,-0.6163069479923508,-0.45764953760886473,-1.1022896931728068,-0.8807064628709238,-0.6132153437832747,-0.6132153437832747,-0.45764953760886484,1435.0
-0.45764953760886484,-0.45764953760886484,-0.1971544646286257,1.6225681103507714,-0.45764953760886473,0.9144002910508762,-0.7560542334014595,-0.6132153437832747,-0.6132153437832747,-0.45764953760886484,1132.0
-0.45764953760886484,-0.45764953760886484,-0.2127533665117425,-0.6163069479923508,-0.45764953760886473,0.8998995296041937,1.1811087921375134,1.6307484966544228,1.6307484966544228,-0.45764953760886484,2397.0
-0.45764953760886484,-0.45764953760886484,-0.1971544646286257,1.6225681103507714,-0.45764953760886473,0.9144002910508762,-0.4258942742661215,-0.6132153437832747,-0.6132153437832747,-0.45764953760886484,1024.0
-0.45764953760886484,-0.45764953760886484,1.0377915792989507,-0.6163069479923508,-0.45764953760886473,-1.1022896931728068,0.23105666482970413,-0.6132153437832747,-0.6132153437832747,-0.45764953760886484,1150.0
-0.45764953760886484,-0.45764953760886484,-0.2127533665117425,-0.6163069479923508,-0.45764953760886473,0.8998995296041937,1.0092908542201438,1.6307484966544228,1.6307484966544228,-0.45764953760886484,2267.0
-0.45764953760886484,-0.45764953760886484,1.0377915792989507,-0.6163069479923508,-0.45764953760886473,-1.1022896931728068,0.9587561665973878,-0.6132153437832747,-0.6132153437832747,-0.45764953760886484,1550.0
2.1850781391035974,2.1850781391035974,1.0770410993524973,-0.6163069479923508,2.1850781391035974,-1.1022896931728068,-0.7762681084505618,-0.6132153437832747,-0.6132153437832747,2.1850781391035974,1735.0
-0.45764953760886484,-0.45764953760886484,-0.2127533665117425,-0.6163069479923508,-0.45764953760886473,0.8998995296041937,0.7768312911554669,1.6307484966544228,1.6307484966544228,-0.45764953760886484,2785.0
-0.45764953760886484,-0.45764953760886484,-0.1971544646286257,1.6225681103507714,-0.45764953760886473,0.9144002910508762,1.2956540840824267,-0.6132153437832747,-0.6132153437832747,-0.45764953760886484,1604.0
-0.45764953760886484,-0.45764953760886484,-0.2127533665117425,-0.6163069479923508,-0.45764953760886473,0.8998995296041937,-0.7796370876254122,1.6307484966544228,1.6307484966544228,-0.45764953760886484,1135.0
-0.45764953760886484,-0.45764953760886484,-0.1971544646286257,1.6225681103507714,-0.45764953760886473,0.9144002910508762,-0.48316692023857805,-0.6132153437832747,-0.6132153437832747,-0.45764953760886484,1095.0
-0.45764953760886484,-0.45764953760886484,-0.2127533665117425,-0.6163069479923508,-0.45764953760886473,0.8998995296041937,1.1979536880117654,1.6307484966544228,1.6307484966544228,-0.45764953760886484,3070.0
-0.45764953760886484,-0.45764953760886484,-0.1971544646286257,1.6225681103507714,-0.45764953760886473,0.9144002910508762,-0.1934347112014447,-0.6132153437832747,-0.6132153437832747,-0.45764953760886484,2185.0
-0.45764953760886484,-0.45764953760886484,1.0377915792989507,-0.6163069479923508,-0.45764953760886473,-1.1022896931728068,-0.5606534412601369,-0.6132153437832747,-0.6132153437832747,-0.45764953760886484,1315.0
-0.45764953760886484,-0.45764953760886484,-0.1971544646286257,1.6225681103507714,-0.45764953760886473,0.9144002910508762,-0.6516158789810974,-0.6132153437832747,-0.6132153437832747,-0.45764953760886484,1390.0
-0.45764953760886484,-0.45764953760886484,-2.3503862001637854,-0.6163069479923508,-0.45764953760886473,-1.1022896931728068,0.6117513115877979,-0.6132153437832747,-0.6132153437832747,-0.45764953760886484,2799.0
-0.45764953760886484,-0.45764953760886484,-2.3503862001637854,-0.6163069479923508,-0.45764953760886473,-1.1022896931728068,1.332712855005781,-0.6132153437832747,-0.6132153437832747,-0.45764953760886484,3010.0
-0.45764953760886484,-0.45764953760886484,-0.2127533665117425,-0.6163069479923508,-0.45764953760886473,0.8998995296041937,-0.008140856584673393,1.6307484966544228,1.6307484966544228,-0.45764953760886484,1651.0
-0.45764953760886484,-0.45764953760886484,-0.1971544646286257,1.6225681103507714,-0.45764953760886473,0.9144002910508762,-1.3624704848745293,-0.6132153437832747,-0.6132153437832747,-0.45764953760886484,1462.0
-0.45764953760886484,-0.45764953760886484,-0.2127533665117425,-0.6163069479923508,-0.45764953760886473,0.8998995296041937,0.46688520706923126,1.6307484966544228,1.6307484966544228,-0.45764953760886484,1849.0
-0.45764953760886484,-0.45764953760886484,-0.1971544646286257,1.6225681103507714,-0.45764953760886473,0.9144002910508762,-0.6111881288828928,-0.6132153437832747,-0.6132153437832747,-0.45764953760886484,1216.0
-0.45764953760886484,-0.45764953760886484,-0.2127533665117425,-0.6163069479923508,-0.45764953760886473,0.8998995296041937,-0.5101187536373811,1.6307484966544228,1.6307484966544228,-0.45764953760886484,1324.0
-0.45764953760886484,-0.45764953760886484,-0.2127533665117425,-0.6163069479923508,-0.45764953760886473,0.8998995296041937,0.22094972730515297,1.6307484966544228,1.6307484966544228,-0.45764953760886484,2100.0
-0.45764953760886484,-0.45764953760886484,-2.3503862001637854,-0.6163069479923508,-0.45764953760886473,-1.1022896931728068,-0.8571236086469711,-0.6132153437832747,-0.6132153437832747,-0.45764953760886484,1619.0
-0.45764953760886484,-0.45764953760886484,-0.1971544646286257,1.6225681103507714,-0.45764953760886473,0.9144002910508762,-0.7796370876254122,-0.6132153437832747,-0.6132153437832747,-0.45764953760886484,1200.0
-0.45764953760886484,-0.45764953760886484,-0.2127533665117425,-0.6163069479923508,-0.45764953760886473,0.8998995296041937,0.33549501925006614,1.6307484966544228,1.6307484966544228,-0.45764953760886484,1503.0
-0.45764953760886484,-0.45764953760886484,-0.1971544646286257,1.6225681103507714,-0.45764953760886473,0.9144002910508762,0.3995056235722235,-0.6132153437832747,-0.6132153437832747,-0.45764953760886484,1650.0
-0.45764953760886484,-0.45764953760886484,-2.3503862001637854,-0.6163069479923508,-0.45764953760886473,-1.1022896931728068,-0.5303326286864835,-0.6132153437832747,-0.6132153437832747,-0.45764953760886484,1290.0
-0.45764953760886484,-0.45764953760886484,-0.2127533665117425,-0.6163069479923508,-0.45764953760886473,0.8998995296041937,0.8610557705267267,1.6307484966544228,1.6307484966544228,-0.45764953760886484,1522.0
-0.45764953760886484,-0.45764953760886484,-0.1971544646286257,1.6225681103507714,-0.45764953760886473,0.9144002910508762,1.0530875834931988,-0.6132153437832747,-0.6132153437832747,-0.45764953760886484,1490.0
-0.45764953760886484,-0.45764953760886484,-0.2127533665117425,-0.6163069479923508,-0.45764953760886473,0.8998995296041937,1.282178167383025,1.6307484966544228,1.6307484966544228,-0.45764953760886484,1855.0
-0.45764953760886484,-0.45764953760886484,1.0377915792989507,-0.6163069479923508,-0.45764953760886473,-1.1022896931728068,-0.6549848581559479,-0.6132153437832747,-0.6132153437832747,-0.45764953760886484,1119.0
2.1850781391035974,2.1850781391035974,1.0770410993524973,-0.6163069479923508,2.1850781391035974,-1.1022896931728068,0.35570889429916847,-0.6132153437832747,-0.6132153437832747,2.1850781391035974,1321.0
-0.45764953760886484,-0.45764953760886484,1.0377915792989507,-0.6163069479923508,-0.45764953760886473,-1.1022896931728068,-0.5235946703367828,-0.6132153437832747,-0.6132153437832747,-0.45764953760886484,1465.0
-0.45764953760886484,-0.45764953760886484,-0.1971544646286257,1.6225681103507714,-0.45764953760886473,0.9144002910508762,0.45004031119497934,-0.6132153437832747,-0.6132153437832747,-0.45764953760886484,2079.0
-0.45764953760886484,-0.45764953760886484,-0.2127533665117425,-0.6163069479923508,-0.45764953760886473,0.8998995296041937,-1.0087276715152385,1.6307484966544228,1.6307484966544228,-0.45764953760886484,1600.0
-0.45764953760886484,-0.45764953760886484,-0.2127533665117425,-0.6163069479923508,-0.45764953760886473,0.8998995296041937,-0.5101187536373811,1.6307484966544228,1.6307484966544228,-0.45764953760886484,1265.0
-0.45764953760886484,-0.45764953760886484,-0.1971544646286257,1.6225681103507714,-0.45764953760886473,0.9144002910508762,-0.27429021139785403,-0.6132153437832747,-0.6132153437832747,-0.45764953760886484,875.0
-0.45764953760886484,-0.45764953760886484,-0.1971544646286257,1.6225681103507714,-0.45764953760886473,0.9144002910508762,1.2249055214105684,-0.6132153437832747,-0.6132153437832747,-0.45764953760886484,2927.0
2.1850781391035974,2.1850781391035974,1.0770410993524973,-0.6163069479923508,2.1850781391035974,-1.1022896931728068,0.5713235614895933,-0.6132153437832747,-0.6132153437832747,2.1850781391035974,1833.0
-0.45764953760886484,-0.45764953760886484,-0.2127533665117425,-0.6163069479923508,-0.45764953760886473,0.8998995296041937,-0.09910329430563386,1.6307484966544228,1.6307484966544228,-0.45764953760886484,1360.0
-0.45764953760886484,-0.45764953760886484,-0.1971544646286257,1.6225681103507714,-0.45764953760886473,0.9144002910508762,-0.45284610766492456,-0.6132153437832747,-0.6132153437832747,-0.45764953760886484,1594.0
-0.45764953760886484,-0.45764953760886484,-0.2127533665117425,-0.6163069479923508,-0.45764953760886473,0.8998995296041937,-0.7459472958769083,1.6307484966544228,1.6307484966544228,-0.45764953760886484,1706.0
-0.45764953760886484,-0.45764953760886484,1.0377915792989507,-0.6163069479923508,-0.45764953760886473,-1.1022896931728068,-0.5101187536373811,-0.6132153437832747,-0.6132153437832747,-0.45764953760886484,1986.0
-0.45764953760886484,-0.45764953760886484,-0.2127533665117425,-0.6163069479923508,-0.45764953760886473,0.8998995296041937,0.42308847779617625,1.6307484966544228,1.6307484966544228,-0.45764953760886484,2005.0
-0.45764953760886484,-0.45764953760886484,-0.1971544646286257,1.6225681103507714,-0.45764953760886473,0.9144002910508762,0.42308847779617625,-0.6132153437832747,-0.6132153437832747,-0.45764953760886484,1895.0
-0.45764953760886484,-0.45764953760886484,-0.2127533665117425,-0.6163069479923508,-0.45764953760886473,0.8998995296041937,1.1575259379135607,1.6307484966544228,1.6307484966544228,-0.45764953760886484,3156.0
-0.45764953760886484,-0.45764953760886484,-0.1971544646286257,1.6225681103507714,-0.45764953760886473,0.9144002910508762,0.25463951905365684,-0.6132153437832747,-0.6132153437832747,-0.45764953760886484,1145.0
-0.45764953760886484,-0.45764953760886484,-0.1971544646286257,1.6225681103507714,-0.45764953760886473,0.9144002910508762,1.2956540840824267,-0.6132153437832747,-0.6132153437832747,-0.45764953760886484,1554.0
-0.45764953760886484,-0.45764953760886484,-0.1971544646286257,1.6225681103507714,-0.45764953760886473,0.9144002910508762,-1.1401178593344037,-0.6132153437832747,-0.6132153437832747,-0.45764953760886484,1225.0
-0.45764953760886484,-0.45764953760886484,-0.1971544646286257,1.6225681103507714,-0.45764953760886473,0.9144002910508762,-0.9581929838924828,-0.6132153437832747,-0.6132153437832747,-0.45764953760886484,1349.0
-0.45764953760886484,-0.45764953760886484,-2.3503862001637854,-0.6163069479923508,-0.45764953760886473,-1.1022896931728068,0.7633553744560654,-0.6132153437832747,-0.6132153437832747,-0.45764953760886484,1733.0
-0.45764953760886484,-0.45764953760886484,-0.1971544646286257,1.6225681103507714,-0.45764953760886473,0.9144002910508762,-0.32482489902060985,-0.6132153437832747,-0.6132153437832747,-0.45764953760886484,1179.0
-0.45764953760886484,-0.45764953760886484,-2.3503862001637854,-0.6163069479923508,-0.45764953760886473,-1.1022896931728068,-0.8571236086469711,-0.6132153437832747,-0.6132153437832747,-0.45764953760886484,2182.0
-0.45764953760886484,-0.45764953760886484,-0.2127533665117425,-0.6163069479923508,-0.45764953760886473,0.8998995296041937,-0.6516158789810974,1.6307484966544228,1.6307484966544228,-0.45764953760886484,1360.0
-0.45764953760886484,-0.45764953760886484,1.0377915792989507,-0.6163069479923508,-0.45764953760886473,-1.1022896931728068,-0.055306565032578824,-0.6132153437832747,-0.6132153437832747,-0.45764953760886484,1620.0
-0.45764953760886484,-0.45764953760886484,-0.2127533665117425,-0.6163069479923508,-0.45764953760886473,0.8998995296041937,-1.4534329225954896,1.6307484966544228,1.6307484966544228,-0.45764953760886484,1150.0
-0.45764953760886484,-0.45764953760886484,1.0377915792989507,-0.6163069479923508,-0.45764953760886473,-1.1022896931728068,0.9115904581494825,-0.6132153437832747,-0.6132153437832747,-0.45764953760886484,1357.0
-0.45764953760886484,-0.45764953760886484,-0.1971544646286257,1.6225681103507714,-0.45764953760886473,0.9144002910508762,0.3995056235722235,-0.6132153437832747,-0.6132153437832747,-0.45764953760886484,1155.0
-0.45764953760886484,-0.45764953760886484,-2.3503862001637854,-0.6163069479923508,-0.45764953760886473,-1.1022896931728068,-0.769530150100861,-0.6132153437832747,-0.6132153437832747,-0.45764953760886484,1578.0
2.1850781391035974,2.1850781391035974,1.0770410993524973,-0.6163069479923508,2.1850781391035974,-1.1022896931728068,-1.4096361933224346,-0.6132153437832747,-0.6132153437832747,2.1850781391035974,1163.0
-0.45764953760886484,-0.45764953760886484,-0.1971544646286257,1.6225681103507714,-0.45764953760886473,0.9144002910508762,-0.8840754420457742,-0.6132153437832747,-0.6132153437832747,-0.45764953760886484,1559.0
2.1850781391035974,2.1850781391035974,1.0770410993524973,-0.6163069479923508,2.1850781391035974,-1.1022896931728068,1.7976319811351344,-0.6132153437832747,-0.6132153437832747,2.1850781391035974,2890.0
-0.45764953760886484,-0.45764953760886484,-0.2127533665117425,-0.6163069479923508,-0.45764953760886473,0.8998995296041937,-0.5909742538337904,1.6307484966544228,1.6307484966544228,-0.45764953760886484,1190.0
-0.45764953760886484,-0.45764953760886484,1.0377915792989507,-0.6163069479923508,-0.45764953760886473,-1.1022896931728068,-0.7392093375272075,-0.6132153437832747,-0.6132153437832747,-0.45764953760886484,1444.0
-0.45764953760886484,-0.45764953760886484,-0.2127533665117425,-0.6163069479923508,-0.45764953760886473,0.8998995296041937,-0.84701667112242,1.6307484966544228,1.6307484966544228,-0.45764953760886484,1589.0
-0.45764953760886484,-0.45764953760886484,-0.1971544646286257,1.6225681103507714,-0.45764953760886473,0.9144002910508762,-1.3321496723008757,-0.6132153437832747,-0.6132153437832747,-0.45764953760886484,1215.0
-0.45764953760886484,-0.45764953760886484,-0.2127533665117425,-0.6163069479923508,-0.45764953760886473,0.8998995296041937,0.908221478974632,1.6307484966544228,1.6307484966544228,-0.45764953760886484,1766.0
-0.45764953760886484,-0.45764953760886484,1.0377915792989507,-0.6163069479923508,-0.45764953760886473,-1.1022896931728068,-0.6684607748553494,-0.6132153437832747,-0.6132153437832747,-0.45764953760886484,1258.0
-0.45764953760886484,-0.45764953760886484,-0.2127533665117425,-0.6163069479923508,-0.45764953760886473,0.8998995296041937,0.6690239575602546,1.6307484966544228,1.6307484966544228,-0.45764953760886484,1403.0
-0.45764953760886484,-0.45764953760886484,-0.1971544646286257,1.6225681103507714,-0.45764953760886473,0.9144002910508762,1.15078797956386,-0.6132153437832747,-0.6132153437832747,-0.45764953760886484,1756.0
-0.45764953760886484,-0.45764953760886484,-0.1971544646286257,1.6225681103507714,-0.45764953760886473,0.9144002910508762,1.5786483347698592,-0.6132153437832747,-0.6132153437832747,-0.45764953760886484,1785.0
-0.45764953760886484,-0.45764953760886484,-0.1971544646286257,1.6225681103507714,-0.45764953760886473,0.9144002910508762,-1.2681390679787183,-0.6132153437832747,-0.6132153437832747,-0.45764953760886484,1340.0
-0.45764953760886484,-0.45764953760886484,-0.2127533665117425,-0.6163069479923508,-0.45764953760886473,0.8998995296041937,1.0396116667937971,1.6307484966544228,1.6307484966544228,-0.45764953760886484,1825.0
-0.45764953760886484,-0.45764953760886484,-0.1971544646286257,1.6225681103507714,-0.45764953760886473,0.9144002910508762,1.1844777713123638,-0.6132153437832747,-0.6132153437832747,-0.45764953760886484,2174.0
-0.45764953760886484,-0.45764953760886484,-0.2127533665117425,-0.6163069479923508,-0.45764953760886473,0.8998995296041937,-1.8779242986266385,1.6307484966544228,1.6307484966544228,-0.45764953760886484,960.0
-0.45764953760886484,-0.45764953760886484,1.0377915792989507,-0.6163069479923508,-0.45764953760886473,-1.1022896931728068,-0.6516158789810974,-0.6132153437832747,-0.6132153437832747,-0.45764953760886484,1393.0
2.1850781391035974,2.1850781391035974,1.0770410993524973,-0.6163069479923508,2.1850781391035974,-1.1022896931728068,0.7768312911554669,-0.6132153437832747,-0.6132153437832747,2.1850781391035974,1444.0
2.1850781391035974,2.1850781391035974,1.0770410993524973,-0.6163069479923508,2.1850781391035974,-1.1022896931728068,-0.048568606682878046,-0.6132153437832747,-0.6132153437832747,2.1850781391035974,1516.0
-0.45764953760886484,-0.45764953760886484,-0.1971544646286257,1.6225681103507714,-0.45764953760886473,0.9144002910508762,-0.7728991292757114,-0.6132153437832747,-0.6132153437832747,-0.45764953760886484,1347.0
-0.45764953760886484,-0.45764953760886484,1.0377915792989507,-0.6163069479923508,-0.45764953760886473,-1.1022896931728068,-0.5235946703367828,-0.6132153437832747,-0.6132153437832747,-0.45764953760886484,925.0
2.1850781391035974,2.1850781391035974,1.0770410993524973,-0.6163069479923508,2.1850781391035974,-1.1022896931728068,0.31191216502611346,-0.6132153437832747,-0.6132153437832747,2.1850781391035974,2000.0
2.1850781391035974,2.1850781391035974,1.0770410993524973,-0.6163069479923508,2.1850781391035974,-1.1022896931728068,0.820628020428522,-0.6132153437832747,-0.6132153437832747,2.1850781391035974,1423.0
-0.45764953760886484,-0.45764953760886484,-0.1971544646286257,1.6225681103507714,-0.45764953760886473,0.9144002910508762,-0.5471775245607354,-0.6132153437832747,-0.6132153437832747,-0.45764953760886484,1390.0
-0.45764953760886484,-0.45764953760886484,-0.1971544646286257,1.6225681103507714,-0.45764953760886473,0.9144002910508762,-0.6785677123799005,-0.6132153437832747,-0.6132153437832747,-0.45764953760886484,1479.0
-0.45764953760886484,-0.45764953760886484,-2.3503862001637854,-0.6163069479923508,-0.45764953760886473,-1.1022896931728068,-0.4157873367415703,-0.6132153437832747,-0.6132153437832747,-0.45764953760886484,1560.0
-0.45764953760886484,-0.45764953760886484,1.0377915792989507,-0.6163069479923508,-0.45764953760886473,-1.1022896931728068,0.7094517076584592,-0.6132153437832747,-0.6132153437832747,-0.45764953760886484,1995.0
-0.45764953760886484,-0.45764953760886484,-0.2127533665117425,-0.6163069479923508,-0.45764953760886473,0.8998995296041937,-1.2277113178805137,1.6307484966544228,1.6307484966544228,-0.45764953760886484,1415.0
-0.45764953760886484,-0.45764953760886484,-0.2127533665117425,-0.6163069479923508,-0.45764953760886473,0.8998995296041937,-0.604450170533192,1.6307484966544228,1.6307484966544228,-0.45764953760886484,1502.0
2.1850781391035974,2.1850781391035974,1.0770410993524973,-0.6163069479923508,2.1850781391035974,-1.1022896931728068,-1.2074974428314114,-0.6132153437832747,-0.6132153437832747,2.1850781391035974,1370.0
-0.45764953760886484,-0.45764953760886484,-0.1971544646286257,1.6225681103507714,-0.45764953760886473,0.9144002910508762,0.7465104785818134,-0.6132153437832747,-0.6132153437832747,-0.45764953760886484,1770.0
-0.45764953760886484,-0.45764953760886484,-0.1971544646286257,1.6225681103507714,-0.45764953760886473,0.9144002910508762,0.8138900620788212,-0.6132153437832747,-0.6132153437832747,-0.45764953760886484,1450.0
-0.45764953760886484,-0.45764953760886484,-0.2127533665117425,-0.6163069479923508,-0.45764953760886473,0.8998995296041937,-1.160331734383506,1.6307484966544228,1.6307484966544228,-0.45764953760886484,1539.0
-0.45764953760886484,-0.45764953760886484,1.0377915792989507,-0.6163069479923508,-0.45764953760886473,-1.1022896931728068,0.30517420667641265,-0.6132153437832747,-0.6132153437832747,-0.45764953760886484,1557.0
2.1850781391035974,2.1850781391035974,1.0770410993524973,-0.6163069479923508,2.1850781391035974,-1.1022896931728068,1.255226333984222,-0.6132153437832747,-0.6132153437832747,2.1850781391035974,1873.0
-0.45764953760886484,-0.45764953760886484,-0.1971544646286257,1.6225681103507714,-0.45764953760886473,0.9144002910508762,0.2984362483267119,-0.6132153437832747,-0.6132153437832747,-0.45764953760886484,2315.0
2.1850781391035974,2.1850781391035974,1.0770410993524973,-0.6163069479923508,2.1850781391035974,-1.1022896931728068,0.06260770608718474,-0.6132153437832747,-0.6132153437832747,2.1850781391035974,1210.0
-0.45764953760886484,-0.45764953760886484,-0.2127533665117425,-0.6163069479923508,-0.45764953760886473,0.8998995296041937,0.7936761870297189,1.6307484966544228,1.6307484966544228,-0.45764953760886484,1819.0
-0.45764953760886484,-0.45764953760886484,1.0377915792989507,-0.6163069479923508,-0.45764953760886473,-1.1022896931728068,-0.7762681084505618,-0.6132153437832747,-0.6132153437832747,-0.45764953760886484,1745.0
-0.45764953760886484,-0.45764953760886484,-0.2127533665117425,-0.6163069479923508,-0.45764953760886473,0.8998995296041937,0.10977341453509018,1.6307484966544228,1.6307484966544228,-0.45764953760886484,1580.0
2.1850781391035974,2.1850781391035974,1.0770410993524973,-0.6163069479923508,2.1850781391035974,-1.1022896931728068,-1.1401178593344037,-0.6132153437832747,-0.6132153437832747,2.1850781391035974,875.0
2.1850781391035974,2.1850781391035974,1.0770410993524973,-0.6163069479923508,2.1850781391035974,-1.1022896931728068,-0.5842362954840897,-0.6132153437832747,-0.6132153437832747,2.1850781391035974,1192.0
-0.45764953760886484,-0.45764953760886484,-0.2127533665117425,-0.6163069479923508,-0.45764953760886473,0.8998995296041937,1.1406810420393088,1.6307484966544228,1.6307484966544228,-0.45764953760886484,1755.0
-0.45764953760886484,-0.45764953760886484,-2.3503862001637854,-0.6163069479923508,-0.45764953760886473,-1.1022896931728068,-0.9615619630673331,-0.6132153437832747,-0.6132153437832747,-0.45764953760886484,1300.0
-0.45764953760886484,-0.45764953760886484,1.0377915792989507,-0.6163069479923508,-0.45764953760886473,-1.1022896931728068,-0.708888524953554,-0.6132153437832747,-0.6132153437832747,-0.45764953760886484,945.0
2.1850781391035974,2.1850781391035974,1.0770410993524973,-0.6163069479923508,2.1850781391035974,-1.1022896931728068,0.3321260400752158,-0.6132153437832747,-0.6132153437832747,2.1850781391035974,1870.0
-0.45764953760886484,-0.45764953760886484,1.0377915792989507,-0.6163069479923508,-0.45764953760886473,-1.1022896931728068,-0.45284610766492456,-0.6132153437832747,-0.6132153437832747,-0.45764953760886484,980.0
-0.45764953760886484,-0.45764953760886484,-0.2127533665117425,-0.6163069479923508,-0.45764953760886473,0.8998995296041937,-0.9682999214170339,1.6307484966544228,1.6307484966544228,-0.45764953760886484,1453.0
-0.45764953760886484,-0.45764953760886484,-0.2127533665117425,-0.6163069479923508,-0.45764953760886473,0.8998995296041937,1.1406810420393088,1.6307484966544228,1.6307484966544228,-0.45764953760886484,1770.0
-0.45764953760886484,-0.45764953760886484,-0.1971544646286257,1.6225681103507714,-0.45764953760886473,0.9144002910508762,1.1979536880117654,-0.6132153437832747,-0.6132153437832747,-0.45764953760886484,3070.0
-0.45764953760886484,-0.45764953760886484,-0.2127533665117425,-0.6163069479923508,-0.45764953760886473,0.8998995296041937,0.25463951905365684,1.6307484966544228,1.6307484966544228,-0.45764953760886484,1165.0
-0.45764953760886484,-0.45764953760886484,-0.1971544646286257,1.6225681103507714,-0.45764953760886473,0.9144002910508762,-1.429850068371537,-0.6132153437832747,-0.6132153437832747,-0.45764953760886484,1747.0
2.1850781391035974,2.1850781391035974,1.0770410993524973,-0.6163069479923508,2.1850781391035974,-1.1022896931728068,2.0839952109974176,-0.6132153437832747,-0.6132153437832747,2.1850781391035974,1400.0
-0.45764953760886484,-0.45764953760886484,-0.1971544646286257,1.6225681103507714,-0.45764953760886473,0.9144002910508762,1.5382205846716546,-0.6132153437832747,-0.6132153437832747,-0.45764953760886484,3565.0
-0.45764953760886484,-0.45764953760886484,-2.3503862001637854,-0.6163069479923508,-0.45764953760886473,-1.1022896931728068,-0.6920436290793021,-0.6132153437832747,-0.6132153437832747,-0.45764953760886484,1599.0
-0.45764953760886484,-0.45764953760886484,-0.1971544646286257,1.6225681103507714,-0.45764953760886473,0.9144002910508762,0.5881684573638453,-0.6132153437832747,-0.6132153437832747,-0.45764953760886484,1600.0
-0.45764953760886484,-0.45764953760886484,-0.1971544646286257,1.6225681103507714,-0.45764953760886473,0.9144002910508762,0.5679545823147429,-0.6132153437832747,-0.6132153437832747,-0.45764953760886484,2318.0
-0.45764953760886484,-0.45764953760886484,-0.2127533665117425,-0.6163069479923508,-0.45764953760886473,0.8998995296041937,0.7161896660081599,1.6307484966544228,1.6307484966544228,-0.45764953760886484,2126.0
-0.45764953760886484,-0.45764953760886484,1.0377915792989507,-0.6163069479923508,-0.45764953760886473,-1.1022896931728068,0.45340929036982974,-0.6132153437832747,-0.6132153437832747,-0.45764953760886484,1277.0
-0.45764953760886484,-0.45764953760886484,1.0377915792989507,-0.6163069479923508,-0.45764953760886473,-1.1022896931728068,-1.3018288597272223,-0.6132153437832747,-0.6132153437832747,-0.45764953760886484,1106.0
-0.45764953760886484,-0.45764953760886484,-0.2127533665117425,-0.6163069479923508,-0.45764953760886473,0.8998995296041937,-0.4258942742661215,1.6307484966544228,1.6307484966544228,-0.45764953760886484,1201.0
-0.45764953760886484,-0.45764953760886484,1.0377915792989507,-0.6163069479923508,-0.45764953760886473,-1.1022896931728068,0.3961366443973731,-0.6132153437832747,-0.6132153437832747,-0.45764953760886484,2553.0
-0.45764953760886484,-0.45764953760886484,-0.2127533665117425,-0.6163069479923508,-0.45764953760886473,0.8998995296041937,-0.5909742538337904,1.6307484966544228,1.6307484966544228,-0.45764953760886484,1254.0
-0.45764953760886484,-0.45764953760886484,-2.3503862001637854,-0.6163069479923508,-0.45764953760886473,-1.1022896931728068,0.9284353540237343,-0.6132153437832747,-0.6132153437832747,-0.45764953760886484,1785.0
2.1850781391035974,2.1850781391035974,1.0770410993524973,-0.6163069479923508,2.1850781391035974,-1.1022896931728068,0.7936761870297189,-0.6132153437832747,-0.6132153437832747,2.1850781391035974,1669.0
-0.45764953760886484,-0.45764953760886484,-0.2127533665117425,-0.6163069479923508,-0.45764953760886473,0.8998995296041937,-0.9581929838924828,1.6307484966544228,1.6307484966544228,-0.45764953760886484,1509.0
-0.45764953760886484,-0.45764953760886484,-0.1971544646286257,1.6225681103507714,-0.45764953760886473,0.9144002910508762,-0.7796370876254122,-0.6132153437832747,-0.6132153437832747,-0.45764953760886484,1596.0
2.1850781391035974,2.1850781391035974,1.0770410993524973,-0.6163069479923508,2.1850781391035974,-1.1022896931728068,-0.32482489902060985,-0.6132153437832747,-0.6132153437832747,2.1850781391035974,1790.0
-0.45764953760886484,-0.45764953760886484,-2.3503862001637854,-0.6163069479923508,-0.45764953760886473,-1.1022896931728068,-1.4534329225954896,-0.6132153437832747,-0.6132153437832747,-0.45764953760886484,1480.0
-0.45764953760886484,-0.45764953760886484,-0.2127533665117425,-0.6163069479923508,-0.45764953760886473,0.8998995296041937,2.0839952109974176,1.6307484966544228,1.6307484966544228,-0.45764953760886484,1425.0
-0.45764953760886484,-0.45764953760886484,-0.2127533665117425,-0.6163069479923508,-0.45764953760886473,0.8998995296041937,-0.45284610766492456,1.6307484966544228,1.6307484966544228,-0.45764953760886484,1041.0
-0.45764953760886484,-0.45764953760886484,-0.1971544646286257,1.6225681103507714,-0.45764953760886473,0.9144002910508762,1.9492360440034018,-0.6132153437832747,-0.6132153437832747,-0.45764953760886484,1863.0
-0.45764953760886484,-0.45764953760886484,-0.2127533665117425,-0.6163069479923508,-0.45764953760886473,0.8998995296041937,-0.5774983371343889,1.6307484966544228,1.6307484966544228,-0.45764953760886484,1590.0
-0.45764953760886484,-0.45764953760886484,-0.2127533665117425,-0.6163069479923508,-0.45764953760886473,0.8998995296041937,1.9492360440034018,1.6307484966544228,1.6307484966544228,-0.45764953760886484,1874.0
-0.45764953760886484,-0.45764953760886484,-0.1971544646286257,1.6225681103507714,-0.45764953760886473,0.9144002910508762,-0.6111881288828928,-0.6132153437832747,-0.6132153437832747,-0.45764953760886484,680.0
2.1850781391035974,2.1850781391035974,1.0770410993524973,-0.6163069479923508,2.1850781391035974,-1.1022896931728068,1.0598255418428995,-0.6132153437832747,-0.6132153437832747,2.1850781391035974,1721.0
-0.45764953760886484,-0.45764953760886484,-0.1971544646286257,1.6225681103507714,-0.45764953760886473,0.9144002910508762,1.1474190003890097,-0.6132153437832747,-0.6132153437832747,-0.45764953760886484,1911.0
-0.45764953760886484,-0.45764953760886484,-0.2127533665117425,-0.6163069479923508,-0.45764953760886473,0.8998995296041937,1.0530875834931988,1.6307484966544228,1.6307484966544228,-0.45764953760886484,2705.0
2.1850781391035974,2.1850781391035974,1.0770410993524973,-0.6163069479923508,2.1850781391035974,-1.1022896931728068,-0.5909742538337904,-0.6132153437832747,-0.6132153437832747,2.1850781391035974,1125.0
-0.45764953760886484,-0.45764953760886484,-0.1971544646286257,1.6225681103507714,-0.45764953760886473,0.9144002910508762,-0.10584125265533463,-0.6132153437832747,-0.6132153437832747,-0.45764953760886484,1644.0
-0.45764953760886484,-0.45764953760886484,1.0377915792989507,-0.6163069479923508,-0.45764953760886473,-1.1022896931728068,0.6690239575602546,-0.6132153437832747,-0.6132153437832747,-0.45764953760886484,1809.0
-0.45764953760886484,-0.45764953760886484,-0.1971544646286257,1.6225681103507714,-0.45764953760886473,0.9144002910508762,0.3321260400752158,-0.6132153437832747,-0.6132153437832747,-0.45764953760886484,1107.0
-0.45764953760886484,-0.45764953760886484,1.0377915792989507,-0.6163069479923508,-0.45764953760886473,-1.1022896931728068,-0.5101187536373811,-0.6132153437832747,-0.6132153437832747,-0.45764953760886484,1300.0
-0.45764953760886484,-0.45764953760886484,-0.2127533665117425,-0.6163069479923508,-0.45764953760886473,0.8998995296041937,0.40287460274707393,1.6307484966544228,1.6307484966544228,-0.45764953760886484,1149.0
-0.45764953760886484,-0.45764953760886484,-0.2127533665117425,-0.6163069479923508,-0.45764953760886473,0.8998995296041937,1.15078797956386,1.6307484966544228,1.6307484966544228,-0.45764953760886484,1605.0
-0.45764953760886484,-0.45764953760886484,-0.1971544646286257,1.6225681103507714,-0.45764953760886473,0.9144002910508762,-1.2445562137547657,-0.6132153437832747,-0.6132153437832747,-0.45764953760886484,935.0
2.1850781391035974,2.1850781391035974,1.0770410993524973,-0.6163069479923508,2.1850781391035974,-1.1022896931728068,-0.10584125265533463,-0.6132153437832747,-0.6132153437832747,2.1850781391035974,925.0
-0.45764953760886484,-0.45764953760886484,-0.1971544646286257,1.6225681103507714,-0.45764953760886473,0.9144002910508762,-1.0963211300613487,-0.6132153437832747,-0.6132153437832747,-0.45764953760886484,1199.0
2.1850781391035974,2.1850781391035974,1.0770410993524973,-0.6163069479923508,2.1850781391035974,-1.1022896931728068,-0.4730599827140269,-0.6132153437832747,-0.6132153437832747,2.1850781391035974,1940.0
2.1850781391035974,2.1850781391035974,1.0770410993524973,-0.6163069479923508,2.1850781391035974,-1.1022896931728068,-0.6684607748553494,-0.6132153437832747,-0.6132153437832747,2.1850781391035974,1095.0
-0.45764953760886484,-0.45764953760886484,1.0377915792989507,-0.6163069479923508,-0.45764953760886473,-1.1022896931728068,-0.6886746499044517,-0.6132153437832747,-0.6132153437832747,-0.45764953760886484,1385.0
-0.45764953760886484,-0.45764953760886484,-0.1971544646286257,1.6225681103507714,-0.45764953760886473,0.9144002910508762,-0.8975513587451758,-0.6132153437832747,-0.6132153437832747,-0.45764953760886484,999.0
2.1850781391035974,2.1850781391035974,1.0770410993524973,-0.6163069479923508,2.1850781391035974,-1.1022896931728068,-0.8705995253463726,-0.6132153437832747,-0.6132153437832747,2.1850781391035974,1235.0
-0.45764953760886484,-0.45764953760886484,-0.2127533665117425,-0.6163069479923508,-0.45764953760886473,0.8998995296041937,-0.8335407544230183,1.6307484966544228,1.6307484966544228,-0.45764953760886484,1515.0
-0.45764953760886484,-0.45764953760886484,1.0377915792989507,-0.6163069479923508,-0.45764953760886473,-1.1022896931728068,-1.2277113178805137,-0.6132153437832747,-0.6132153437832747,-0.45764953760886484,1289.0
2.1850781391035974,2.1850781391035974,1.0770410993524973,-0.6163069479923508,2.1850781391035974,-1.1022896931728068,-0.3281938781954602,-0.6132153437832747,-0.6132153437832747,2.1850781391035974,1500.0
-0.45764953760886484,-0.45764953760886484,-0.1971544646286257,1.6225681103507714,-0.45764953760886473,0.9144002910508762,1.1238361461650568,-0.6132153437832747,-0.6132153437832747,-0.45764953760886484,1643.0
-0.45764953760886484,-0.45764953760886484,-0.1971544646286257,1.6225681103507714,-0.45764953760886473,0.9144002910508762,-0.6482468998062471,-0.6132153437832747,-0.6132153437832747,-0.45764953760886484,1415.0
2.1850781391035974,2.1850781391035974,1.0770410993524973,-0.6163069479923508,2.1850781391035974,-1.1022896931728068,-1.0087276715152385,-0.6132153437832747,-0.6132153437832747,2.1850781391035974,1525.0
-0.45764953760886484,-0.45764953760886484,-0.2127533665117425,-0.6163069479923508,-0.45764953760886473,0.8998995296041937,1.3697716259291353,1.6307484966544228,1.6307484966544228,-0.45764953760886484,2380.0
-0.45764953760886484,-0.45764953760886484,1.0377915792989507,-0.6163069479923508,-0.45764953760886473,-1.1022896931728068,0.039024851863232034,-0.6132153437832747,-0.6132153437832747,-0.45764953760886484,2225.0
-0.45764953760886484,-0.45764953760886484,-2.3503862001637854,-0.6163069479923508,-0.45764953760886473,-1.1022896931728068,-0.004771877409823006,-0.6132153437832747,-0.6132153437832747,-0.45764953760886484,1649.0
-0.45764953760886484,-0.45764953760886484,-0.1971544646286257,1.6225681103507714,-0.45764953760886473,0.9144002910508762,-0.7392093375272075,-0.6132153437832747,-0.6132153437832747,-0.45764953760886484,1047.0
-0.45764953760886484,-0.45764953760886484,-0.2127533665117425,-0.6163069479923508,-0.45764953760886473,0.8998995296041937,0.44667133202012893,1.6307484966544228,1.6307484966544228,-0.45764953760886484,1441.0
-0.45764953760886484,-0.45764953760886484,-0.1971544646286257,1.6225681103507714,-0.45764953760886473,0.9144002910508762,-0.35177673241941293,-0.6132153437832747,-0.6132153437832747,-0.45764953760886484,1535.0
-0.45764953760886484,-0.45764953760886484,1.0377915792989507,-0.6163069479923508,-0.45764953760886473,-1.1022896931728068,-0.05193758585772843,-0.6132153437832747,-0.6132153437832747,-0.45764953760886484,2200.0
-0.45764953760886484,-0.45764953760886484,-2.3503862001637854,-0.6163069479923508,-0.45764953760886473,-1.1022896931728068,-0.0856273776062323,-0.6132153437832747,-0.6132153437832747,-0.45764953760886484,1980.0
-0.45764953760886484,-0.45764953760886484,-0.1971544646286257,1.6225681103507714,-0.45764953760886473,0.9144002910508762,0.3220191025506646,-0.6132153437832747,-0.6132153437832747,-0.45764953760886484,2435.0
-0.45764953760886484,-0.45764953760886484,-0.2127533665117425,-0.6163069479923508,-0.45764953760886473,0.8998995296041937,-2.1272287575655673,1.6307484966544228,1.6307484966544228,-0.45764953760886484,1299.0
-0.45764953760886484,-0.45764953760886484,1.0377915792989507,-0.6163069479923508,-0.45764953760886473,-1.1022896931728068,1.2013226671866157,-0.6132153437832747,-0.6132153437832747,-0.45764953760886484,2127.0
2.1850781391035974,2.1850781391035974,1.0770410993524973,-0.6163069479923508,2.1850781391035974,-1.1022896931728068,0.30854318585126306,-0.6132153437832747,-0.6132153437832747,2.1850781391035974,1556.0
-0.45764953760886484,-0.45764953760886484,1.0377915792989507,-0.6163069479923508,-0.45764953760886473,-1.1022896931728068,0.30517420667641265,-0.6132153437832747,-0.6132153437832747,-0.45764953760886484,1235.0
-0.45764953760886484,-0.45764953760886484,1.0377915792989507,-0.6163069479923508,-0.45764953760886473,-1.1022896931728068,-0.48316692023857805,-0.6132153437832747,-0.6132153437832747,-0.45764953760886484,1520.0
-0.45764953760886484,-0.45764953760886484,-0.1971544646286257,1.6225681103507714,-0.45764953760886473,0.9144002910508762,0.33886399842491655,-0.6132153437832747,-0.6132153437832747,-0.45764953760886484,1452.0
2.1850781391035974,2.1850781391035974,1.0770410993524973,-0.6163069479923508,2.1850781391035974,-1.1022896931728068,-0.48990487858827886,-0.6132153437832747,-0.6132153437832747,2.1850781391035974,1320.0
-0.45764953760886484,-0.45764953760886484,1.0377915792989507,-0.6163069479923508,-0.45764953760886473,-1.1022896931728068,-1.2849839638529703,-0.6132153437832747,-0.6132153437832747,-0.45764953760886484,1208.0
-0.45764953760886484,-0.45764953760886484,1.0377915792989507,-0.6163069479923508,-0.45764953760886473,-1.1022896931728068,-0.07215146090683076,-0.6132153437832747,-0.6132153437832747,-0.45764953760886484,660.0
-0.45764953760886484,-0.45764953760886484,-0.1971544646286257,1.6225681103507714,-0.45764953760886473,0.9144002910508762,-0.43937019096552304,-0.6132153437832747,-0.6132153437832747,-0.45764953760886484,1159.0
-0.45764953760886484,-0.45764953760886484,-2.3503862001637854,-0.6163069479923508,-0.45764953760886473,-1.1022896931728068,-1.082845213361947,-0.6132153437832747,-0.6132153437832747,-0.45764953760886484,1148.0
-0.45764953760886484,-0.45764953760886484,1.0377915792989507,-0.6163069479923508,-0.45764953760886473,-1.1022896931728068,-1.359101505699679,-0.6132153437832747,-0.6132153437832747,-0.45764953760886484,1268.0
-0.45764953760886484,-0.45764953760886484,-0.1971544646286257,1.6225681103507714,-0.45764953760886473,0.9144002910508762,-0.22375552377509822,-0.6132153437832747,-0.6132153437832747,-0.45764953760886484,1489.0
-0.45764953760886484,-0.45764953760886484,1.0377915792989507,-0.6163069479923508,-0.45764953760886473,-1.1022896931728068,-0.37199060746851526,-0.6132153437832747,-0.6132153437832747,-0.45764953760886484,1541.0
-0.45764953760886484,-0.45764953760886484,-2.3503862001637854,-0.6163069479923508,-0.45764953760886473,-1.1022896931728068,-0.9211342129691285,-0.6132153437832747,-0.6132153437832747,-0.45764953760886484,1699.0
2.1850781391035974,2.1850781391035974,1.0770410993524973,-0.6163069479923508,2.1850781391035974,-1.1022896931728068,0.264746456578208,-0.6132153437832747,-0.6132153437832747,2.1850781391035974,1299.0
-0.45764953760886484,-0.45764953760886484,-2.3503862001637854,-0.6163069479923508,-0.45764953760886473,-1.1022896931728068,1.4438891677758436,-0.6132153437832747,-0.6132153437832747,-0.45764953760886484,1593.0
-0.45764953760886484,-0.45764953760886484,-0.2127533665117425,-0.6163069479923508,-0.45764953760886473,0.8998995296041937,-0.6111881288828928,1.6307484966544228,1.6307484966544228,-0.45764953760886484,1189.0
-0.45764953760886484,-0.45764953760886484,-0.2127533665117425,-0.6163069479923508,-0.45764953760886473,0.8998995296041937,-1.0761072550122464,1.6307484966544228,1.6307484966544228,-0.45764953760886484,1210.0
-0.45764953760886484,-0.45764953760886484,-0.1971544646286257,1.6225681103507714,-0.45764953760886473,0.9144002910508762,0.5140509155171367,-0.6132153437832747,-0.6132153437832747,-0.45764953760886484,1525.0
-0.45764953760886484,-0.45764953760886484,-0.1971544646286257,1.6225681103507714,-0.45764953760886473,0.9144002910508762,1.5786483347698592,-0.6132153437832747,-0.6132153437832747,-0.45764953760886484,1570.0
2.1850781391035974,2.1850781391035974,1.0770410993524973,-0.6163069479923508,2.1850781391035974,-1.1022896931728068,0.534264790566239,-0.6132153437832747,-0.6132153437832747,2.1850781391035974,2830.0
-0.45764953760886484,-0.45764953760886484,-0.1971544646286257,1.6225681103507714,-0.45764953760886473,0.9144002910508762,1.9964017524513074,-0.6132153437832747,-0.6132153437832747,-0.45764953760886484,1696.0
-0.45764953760886484,-0.45764953760886484,1.0377915792989507,-0.6163069479923508,-0.45764953760886473,-1.1022896931728068,0.20410483143090102,-0.6132153437832747,-0.6132153437832747,-0.45764953760886484,1205.0
-0.45764953760886484,-0.45764953760886484,-0.2127533665117425,-0.6163069479923508,-0.45764953760886473,0.8998995296041937,-0.5101187536373811,1.6307484966544228,1.6307484966544228,-0.45764953760886484,2009.0
2.1850781391035974,2.1850781391035974,1.0770410993524973,-0.6163069479923508,2.1850781391035974,-1.1022896931728068,1.5954932306441112,-0.6132153437832747,-0.6132153437832747,2.1850781391035974,1270.0
-0.45764953760886484,-0.45764953760886484,-0.2127533665117425,-0.6163069479923508,-0.45764953760886473,0.8998995296041937,0.06260770608718474,1.6307484966544228,1.6307484966544228,-0.45764953760886484,1079.0
-0.45764953760886484,-0.45764953760886484,-0.1971544646286257,1.6225681103507714,-0.45764953760886473,0.9144002910508762,0.14346320628359405,-0.6132153437832747,-0.6132153437832747,-0.45764953760886484,2350.0
2.1850781391035974,2.1850781391035974,1.0770410993524973,-0.6163069479923508,2.1850781391035974,-1.1022896931728068,-0.786375045975113,-0.6132153437832747,-0.6132153437832747,2.1850781391035974,1710.0
-0.45764953760886484,-0.45764953760886484,-2.3503862001637854,-0.6163069479923508,-0.45764953760886473,-1.1022896931728068,1.0362426876189468,-0.6132153437832747,-0.6132153437832747,-0.45764953760886484,3462.0
2.1850781391035974,2.1850781391035974,1.0770410993524973,-0.6163069479923508,2.1850781391035974,-1.1022896931728068,-0.048568606682878046,-0.6132153437832747,-0.6132153437832747,2.1850781391035974,1587.0
-0.45764953760886484,-0.45764953760886484,-2.3503862001637854,-0.6163069479923508,-0.45764953760886473,-1.1022896931728068,2.218754377991433,-0.6132153437832747,-0.6132153437832747,-0.45764953760886484,2600.0
-0.45764953760886484,-0.45764953760886484,-0.2127533665117425,-0.6163069479923508,-0.45764953760886473,0.8998995296041937,0.25463951905365684,1.6307484966544228,1.6307484966544228,-0.45764953760886484,1205.0
-0.45764953760886484,-0.45764953760886484,-0.1971544646286257,1.6225681103507714,-0.45764953760886473,0.9144002910508762,0.14009422710874367,-0.6132153437832747,-0.6132153437832747,-0.45764953760886484,1435.0
-0.45764953760886484,-0.45764953760886484,1.0377915792989507,-0.6163069479923508,-0.45764953760886473,-1.1022896931728068,-0.9312411504936796,-0.6132153437832747,-0.6132153437832747,-0.45764953760886484,1500.0
-0.45764953760886484,-0.45764953760886484,-0.1971544646286257,1.6225681103507714,-0.45764953760886473,0.9144002910508762,-0.24733837799905092,-0.6132153437832747,-0.6132153437832747,-0.45764953760886484,1690.0
2.1850781391035974,2.1850781391035974,1.0770410993524973,-0.6163069479923508,2.1850781391035974,-1.1022896931728068,-0.4966428369379796,-0.6132153437832747,-0.6132153437832747,2.1850781391035974,1375.0
2.1850781391035974,2.1850781391035974,1.0770410993524973,-0.6163069479923508,2.1850781391035974,-1.1022896931728068,-0.8705995253463726,-0.6132153437832747,-0.6132153437832747,2.1850781391035974,1220.0
-0.45764953760886484,-0.45764953760886484,-0.1971544646286257,1.6225681103507714,-0.45764953760886473,0.9144002910508762,0.6387031449866011,-0.6132153437832747,-0.6132153437832747,-0.45764953760886484,2081.0
-0.45764953760886484,-0.45764953760886484,-0.1971544646286257,1.6225681103507714,-0.45764953760886473,0.9144002910508762,0.5140509155171367,-0.6132153437832747,-0.6132153437832747,-0.45764953760886484,1480.0
-0.45764953760886484,-0.45764953760886484,-0.2127533665117425,-0.6163069479923508,-0.45764953760886473,0.8998995296041937,1.2956540840824267,1.6307484966544228,1.6307484966544228,-0.45764953760886484,1609.0
2.1850781391035974,2.1850781391035974,1.0770410993524973,-0.6163069479923508,2.1850781391035974,-1.1022896931728068,0.025548935163830482,-0.6132153437832747,-0.6132153437832747,2.1850781391035974,1050.0
-0.45764953760886484,-0.45764953760886484,-2.3503862001637854,-0.6163069479923508,-0.45764953760886473,-1.1022896931728068,1.3192369383063793,-0.6132153437832747,-0.6132153437832747,-0.45764953760886484,1485.0
-0.45764953760886484,-0.45764953760886484,-0.1971544646286257,1.6225681103507714,-0.45764953760886473,0.9144002910508762,-0.9817758381164354,-0.6132153437832747,-0.6132153437832747,-0.45764953760886484,1319.0
2.1850781391035974,2.1850781391035974,1.0770410993524973,-0.6163069479923508,2.1850781391035974,-1.1022896931728068,-0.9514550255427819,-0.6132153437832747,-0.6132153437832747,2.1850781391035974,1385.0
-0.45764953760886484,-0.45764953760886484,-0.2127533665117425,-0.6163069479923508,-0.45764953760886473,0.8998995296041937,-1.160331734383506,1.6307484966544228,1.6307484966544228,-0.45764953760886484,1699.0
2.1850781391035974,2.1850781391035974,1.0770410993524973,-0.6163069479923508,2.1850781391035974,-1.1022896931728068,1.1878467504872143,-0.6132153437832747,-0.6132153437832747,2.1850781391035974,3508.0
-0.45764953760886484,-0.45764953760886484,1.0377915792989507,-0.6163069479923508,-0.45764953760886473,-1.1022896931728068,3.1452236510752893,-0.6132153437832747,-0.6132153437832747,-0.45764953760886484,2393.0
-0.45764953760886484,-0.45764953760886484,-0.1971544646286257,1.6225681103507714,-0.45764953760886473,0.9144002910508762,0.5140509155171367,-0.6132153437832747,-0.6132153437832747,-0.45764953760886484,1770.0
2.1850781391035974,2.1850781391035974,1.0770410993524973,-0.6163069479923508,2.1850781391035974,-1.1022896931728068,0.7431414994069631,-0.6132153437832747,-0.6132153437832747,2.1850781391035974,2593.0
-0.45764953760886484,-0.45764953760886484,-0.2127533665117425,-0.6163069479923508,-0.45764953760886473,0.8998995296041937,0.3995056235722235,1.6307484966544228,1.6307484966544228,-0.45764953760886484,1650.0
-0.45764953760886484,-0.45764953760886484,1.0377915792989507,-0.6163069479923508,-0.45764953760886473,-1.1022896931728068,1.0227667709195452,-0.6132153437832747,-0.6132153437832747,-0.45764953760886484,2063.0
2.1850781391035974,2.1850781391035974,1.0770410993524973,-0.6163069479923508,2.1850781391035974,-1.1022896931728068,0.7364035410572622,-0.6132153437832747,-0.6132153437832747,2.1850781391035974,1455.0
-0.45764953760886484,-0.45764953760886484,-0.2127533665117425,-0.6163069479923508,-0.45764953760886473,0.8998995296041937,0.5645856031398925,1.6307484966544228,1.6307484966544228,-0.45764953760886484,1689.0
-0.45764953760886484,-0.45764953760886484,-0.2127533665117425,-0.6163069479923508,-0.45764953760886473,0.8998995296041937,-0.8369097335978688,1.6307484966544228,1.6307484966544228,-0.45764953760886484,1760.0
-0.45764953760886484,-0.45764953760886484,-0.2127533665117425,-0.6163069479923508,-0.45764953760886473,0.8998995296041937,0.6353341658117506,1.6307484966544228,1.6307484966544228,-0.45764953760886484,1655.0
-0.45764953760886484,-0.45764953760886484,1.0377915792989507,-0.6163069479923508,-0.45764953760886473,-1.1022896931728068,1.9323911481291498,-0.6132153437832747,-0.6132153437832747,-0.45764953760886484,3000.0
-0.45764953760886484,-0.45764953760886484,-0.1971544646286257,1.6225681103507714,-0.45764953760886473,0.9144002910508762,1.3192369383063793,-0.6132153437832747,-0.6132153437832747,-0.45764953760886484,1440.0
-0.45764953760886484,-0.45764953760886484,-0.1971544646286257,1.6225681103507714,-0.45764953760886473,0.9144002910508762,-1.2277113178805137,-0.6132153437832747,-0.6132153437832747,-0.45764953760886484,1651.0
2.1850781391035974,2.1850781391035974,1.0770410993524973,-0.6163069479923508,2.1850781391035974,-1.1022896931728068,-0.9716689005918843,-0.6132153437832747,-0.6132153437832747,2.1850781391035974,1859.0
-0.45764953760886484,-0.45764953760886484,-0.1971544646286257,1.6225681103507714,-0.45764953760886473,0.9144002910508762,-1.3220427347763246,-0.6132153437832747,-0.6132153437832747,-0.45764953760886484,1445.0
2.1850781391035974,2.1850781391035974,1.0770410993524973,-0.6163069479923508,2.1850781391035974,-1.1022896931728068,-0.7931130043248137,-0.6132153437832747,-0.6132153437832747,2.1850781391035974,1196.0
-0.45764953760886484,-0.45764953760886484,-0.1971544646286257,1.6225681103507714,-0.45764953760886473,0.9144002910508762,-0.6179260872325936,-0.6132153437832747,-0.6132153437832747,-0.45764953760886484,1545.0
-0.45764953760886484,-0.45764953760886484,-0.1971544646286257,1.6225681103507714,-0.45764953760886473,0.9144002910508762,-1.099690109236199,-0.6132153437832747,-0.6132153437832747,-0.45764953760886484,1205.0
-0.45764953760886484,-0.45764953760886484,1.0377915792989507,-0.6163069479923508,-0.45764953760886473,-1.1022896931728068,0.9183284164991832,-0.6132153437832747,-0.6132153437832747,-0.45764953760886484,1975.0
2.1850781391035974,2.1850781391035974,1.0770410993524973,-0.6163069479923508,2.1850781391035974,-1.1022896931728068,-0.9581929838924828,-0.6132153437832747,-0.6132153437832747,2.1850781391035974,1349.0
-0.45764953760886484,-0.45764953760886484,-2.3503862001637854,-0.6163069479923508,-0.45764953760886473,-1.1022896931728068,0.7566174161063646,-0.6132153437832747,-0.6132153437832747,-0.45764953760886484,1655.0
-0.45764953760886484,-0.45764953760886484,-0.2127533665117425,-0.6163069479923508,-0.45764953760886473,0.8998995296041937,-1.4163741516721355,1.6307484966544228,1.6307484966544228,-0.45764953760886484,845.0
-0.45764953760886484,-0.45764953760886484,-0.1971544646286257,1.6225681103507714,-0.45764953760886473,0.9144002910508762,-0.3315628573703106,-0.6132153437832747,-0.6132153437832747,-0.45764953760886484,1450.0
-0.45764953760886484,-0.45764953760886484,-0.1971544646286257,1.6225681103507714,-0.45764953760886473,0.9144002910508762,-0.4258942742661215,-0.6132153437832747,-0.6132153437832747,-0.45764953760886484,1250.0
-0.45764953760886484,-0.45764953760886484,-0.2127533665117425,-0.6163069479923508,-0.45764953760886473,0.8998995296041937,-0.15300696110324005,1.6307484966544228,1.6307484966544228,-0.45764953760886484,1489.0
-0.45764953760886484,-0.45764953760886484,-0.1971544646286257,1.6225681103507714,-0.45764953760886473,0.9144002910508762,-2.464126675050606,-0.6132153437832747,-0.6132153437832747,-0.45764953760886484,865.0
2.1850781391035974,2.1850781391035974,1.0770410993524973,-0.6163069479923508,2.1850781391035974,-1.1022896931728068,0.5443717280907902,-0.6132153437832747,-0.6132153437832747,2.1850781391035974,2694.0
-0.45764953760886484,-0.45764953760886484,-0.1971544646286257,1.6225681103507714,-0.45764953760886473,0.9144002910508762,-0.3854665241679168,-0.6132153437832747,-0.6132153437832747,-0.45764953760886484,1160.0
-0.45764953760886484,-0.45764953760886484,1.0377915792989507,-0.6163069479923508,-0.45764953760886473,-1.1022896931728068,-0.7392093375272075,-0.6132153437832747,-0.6132153437832747,-0.45764953760886484,1474.0
-0.45764953760886484,-0.45764953760886484,-2.3503862001637854,-0.6163069479923508,-0.45764953760886473,-1.1022896931728068,0.25463951905365684,-0.6132153437832747,-0.6132153437832747,-0.45764953760886484,1175.0
-0.45764953760886484,-0.45764953760886484,-0.1971544646286257,1.6225681103507714,-0.45764953760886473,0.9144002910508762,0.35570889429916847,-0.6132153437832747,-0.6132153437832747,-0.45764953760886484,1325.0
2.1850781391035974,2.1850781391035974,1.0770410993524973,-0.6163069479923508,2.1850781391035974,-1.1022896931728068,0.325388081725515,-0.6132153437832747,-0.6132153437832747,2.1850781391035974,2184.0
-0.45764953760886484,-0.45764953760886484,1.0377915792989507,-0.6163069479923508,-0.45764953760886473,-1.1022896931728068,-0.5471775245607354,-0.6132153437832747,-0.6132153437832747,-0.45764953760886484,1489.0
2.1850781391035974,2.1850781391035974,1.0770410993524973,-0.6163069479923508,2.1850781391035974,-1.1022896931728068,1.915546252254898,-0.6132153437832747,-0.6132153437832747,2.1850781391035974,985.0
-0.45764953760886484,-0.45764953760886484,1.0377915792989507,-0.6163069479923508,-0.45764953760886473,-1.1022896931728068,-0.45958406601462537,-0.6132153437832747,-0.6132153437832747,-0.45764953760886484,1624.0
-0.45764953760886484,-0.45764953760886484,-2.3503862001637854,-0.6163069479923508,-0.45764953760886473,-1.1022896931728068,1.0834083960668521,-0.6132153437832747,-0.6132153437832747,-0.45764953760886484,2700.0
-0.45764953760886484,-0.45764953760886484,-0.1971544646286257,1.6225681103507714,-0.45764953760886473,0.9144002910508762,1.5281136471471033,-0.6132153437832747,-0.6132153437832747,-0.45764953760886484,1825.0
-0.45764953760886484,-0.45764953760886484,-0.1971544646286257,1.6225681103507714,-0.45764953760886473,0.9144002910508762,0.30517420667641265,-0.6132153437832747,-0.6132153437832747,-0.45764953760886484,1450.0
-0.45764953760886484,-0.45764953760886484,-0.1971544646286257,1.6225681103507714,-0.45764953760886473,0.9144002910508762,-0.7796370876254122,-0.6132153437832747,-0.6132153437832747,-0.45764953760886484,1185.0
-0.45764953760886484,-0.45764953760886484,1.0377915792989507,-0.6163069479923508,-0.45764953760886473,-1.1022896931728068,-0.5606534412601369,-0.6132153437832747,-0.6132153437832747,-0.45764953760886484,1380.0
-0.45764953760886484,-0.45764953760886484,-2.3503862001637854,-0.6163069479923508,-0.45764953760886473,-1.1022896931728068,0.6488100825111522,-0.6132153437832747,-0.6132153437832747,-0.45764953760886484,1375.0
-0.45764953760886484,-0.45764953760886484,-0.2127533665117425,-0.6163069479923508,-0.45764953760886473,0.8998995296041937,-1.116535005110451,1.6307484966544228,1.6307484966544228,-0.45764953760886484,1151.0
2.1850781391035974,2.1850781391035974,1.0770410993524973,-0.6163069479923508,2.1850781391035974,-1.1022896931728068,0.11651137288479095,-0.6132153437832747,-0.6132153437832747,2.1850781391035974,2366.0
-0.45764953760886484,-0.45764953760886484,-0.1971544646286257,1.6225681103507714,-0.45764953760886473,0.9144002910508762,-0.2507073571739013,-0.6132153437832747,-0.6132153437832747,-0.45764953760886484,1300.0
-0.45764953760886484,-0.45764953760886484,-0.1971544646286257,1.6225681103507714,-0.45764953760886473,0.9144002910508762,-1.0963211300613487,-0.6132153437832747,-0.6132153437832747,-0.45764953760886484,1299.0
-0.45764953760886484,-0.45764953760886484,1.0377915792989507,-0.6163069479923508,-0.45764953760886473,-1.1022896931728068,-0.4258942742661215,-0.6132153437832747,-0.6132153437832747,-0.45764953760886484,1726.0
-0.45764953760886484,-0.45764953760886484,-0.2127533665117425,-0.6163069479923508,-0.45764953760886473,0.8998995296041937,-0.9548240047176323,1.6307484966544228,1.6307484966544228,-0.45764953760886484,1225.0
-0.45764953760886484,-0.45764953760886484,-0.2127533665117425,-0.6163069479923508,-0.45764953760886473,0.8998995296041937,-1.4534329225954896,1.6307484966544228,1.6307484966544228,-0.45764953760886484,1200.0
-0.45764953760886484,-0.45764953760886484,-0.1971544646286257,1.6225681103507714,-0.45764953760886473,0.9144002910508762,-0.7392093375272075,-0.6132153437832747,-0.6132153437832747,-0.45764953760886484,1569.0
-0.45764953760886484,-0.45764953760886484,1.0377915792989507,-0.6163069479923508,-0.45764953760886473,-1.1022896931728068,-1.012096650690089,-0.6132153437832747,-0.6132153437832747,-0.45764953760886484,1190.0
-0.45764953760886484,-0.45764953760886484,-0.2127533665117425,-0.6163069479923508,-0.45764953760886473,0.8998995296041937,-0.9548240047176323,1.6307484966544228,1.6307484966544228,-0.45764953760886484,1185.0
-0.45764953760886484,-0.45764953760886484,-0.1971544646286257,1.6225681103507714,-0.45764953760886473,0.9144002910508762,-0.8099579001990657,-0.6132153437832747,-0.6132153437832747,-0.45764953760886484,1589.0
-0.45764953760886484,-0.45764953760886484,-0.2127533665117425,-0.6163069479923508,-0.45764953760886473,0.8998995296041937,-0.84701667112242,1.6307484966544228,1.6307484966544228,-0.45764953760886484,1519.0
-0.45764953760886484,-0.45764953760886484,-0.1971544646286257,1.6225681103507714,-0.45764953760886473,0.9144002910508762,1.0935153335914034,-0.6132153437832747,-0.6132153437832747,-0.45764953760886484,1999.0
-0.45764953760886484,-0.45764953760886484,1.0377915792989507,-0.6163069479923508,-0.45764953760886473,-1.1022896931728068,-0.9480860463679316,-0.6132153437832747,-0.6132153437832747,-0.45764953760886484,1295.0
-0.45764953760886484,-0.45764953760886484,1.0377915792989507,-0.6163069479923508,-0.45764953760886473,-1.1022896931728068,1.5382205846716546,-0.6132153437832747,-0.6132153437832747,-0.45764953760886484,1190.0
2.1850781391035974,2.1850781391035974,1.0770410993524973,-0.6163069479923508,2.1850781391035974,-1.1022896931728068,-0.7796370876254122,-0.6132153437832747,-0.6132153437832747,2.1850781391035974,1340.0
-0.45764953760886484,-0.45764953760886484,-0.1971544646286257,1.6225681103507714,-0.45764953760886473,0.9144002910508762,-1.2512941721044664,-0.6132153437832747,-0.6132153437832747,-0.45764953760886484,1366.0
-0.45764953760886484,-0.45764953760886484,-0.2127533665117425,-0.6163069479923508,-0.45764953760886473,0.8998995296041937,0.5005749988177352,1.6307484966544228,1.6307484966544228,-0.45764953760886484,2340.0
-0.45764953760886484,-0.45764953760886484,1.0377915792989507,-0.6163069479923508,-0.45764953760886473,-1.1022896931728068,-0.7796370876254122,-0.6132153437832747,-0.6132153437832747,-0.45764953760886484,1030.0
-0.45764953760886484,-0.45764953760886484,1.0377915792989507,-0.6163069479923508,-0.45764953760886473,-1.1022896931728068,0.7633553744560654,-0.6132153437832747,-0.6132153437832747,-0.45764953760886484,2000.0
-0.45764953760886484,-0.45764953760886484,-0.1971544646286257,1.6225681103507714,-0.45764953760886473,0.9144002910508762,-0.9548240047176323,-0.6132153437832747,-0.6132153437832747,-0.45764953760886484,1825.0
-0.45764953760886484,-0.45764953760886484,-0.2127533665117425,-0.6163069479923508,-0.45764953760886473,0.8998995296041937,-1.0154656298649394,1.6307484966544228,1.6307484966544228,-0.45764953760886484,1299.0
-0.45764953760886484,-0.45764953760886484,-0.2127533665117425,-0.6163069479923508,-0.45764953760886473,0.8998995296041937,0.8846386247506793,1.6307484966544228,1.6307484966544228,-0.45764953760886484,3315.0
-0.45764953760886484,-0.45764953760886484,1.0377915792989507,-0.6163069479923508,-0.45764953760886473,-1.1022896931728068,1.7167764809387251,-0.6132153437832747,-0.6132153437832747,-0.45764953760886484,1770.0
2.1850781391035974,2.1850781391035974,1.0770410993524973,-0.6163069479923508,2.1850781391035974,-1.1022896931728068,-0.6347709831068455,-0.6132153437832747,-0.6132153437832747,2.1850781391035974,1655.0
-0.45764953760886484,-0.45764953760886484,-0.1971544646286257,1.6225681103507714,-0.45764953760886473,0.9144002910508762,1.0497186043183484,-0.6132153437832747,-0.6132153437832747,-0.45764953760886484,1960.0
-0.45764953760886484,-0.45764953760886484,-0.2127533665117425,-0.6163069479923508,-0.45764953760886473,0.8998995296041937,0.6521790616860026,1.6307484966544228,1.6307484966544228,-0.45764953760886484,2495.0
-0.45764953760886484,-0.45764953760886484,-0.2127533665117425,-0.6163069479923508,-0.45764953760886473,0.8998995296041937,-0.40568039921701915,1.6307484966544228,1.6307484966544228,-0.45764953760886484,1347.0
-0.45764953760886484,-0.45764953760886484,-0.1971544646286257,1.6225681103507714,-0.45764953760886473,0.9144002910508762,0.9351733123734352,-0.6132153437832747,-0.6132153437832747,-0.45764953760886484,1790.0
-0.45764953760886484,-0.45764953760886484,1.0377915792989507,-0.6163069479923508,-0.45764953760886473,-1.1022896931728068,0.08955953948598785,-0.6132153437832747,-0.6132153437832747,-0.45764953760886484,2032.0
-0.45764953760886484,-0.45764953760886484,-2.3503862001637854,-0.6163069479923508,-0.45764953760886473,-1.1022896931728068,1.0598255418428995,-0.6132153437832747,-0.6132153437832747,-0.45764953760886484,1729.0
-0.45764953760886484,-0.45764953760886484,1.0377915792989507,-0.6163069479923508,-0.45764953760886473,-1.1022896931728068,0.6387031449866011,-0.6132153437832747,-0.6132153437832747,-0.45764953760886484,2785.0
-0.45764953760886484,-0.45764953760886484,1.0377915792989507,-0.6163069479923508,-0.45764953760886473,-1.1022896931728068,-0.6314020039319951,-0.6132153437832747,-0.6132153437832747,-0.45764953760886484,1283.0
2.1850781391035974,2.1850781391035974,1.0770410993524973,-0.6163069479923508,2.1850781391035974,-1.1022896931728068,0.3995056235722235,-0.6132153437832747,-0.6132153437832747,2.1850781391035974,1304.0
-0.45764953760886484,-0.45764953760886484,1.0377915792989507,-0.6163069479923508,-0.45764953760886473,-1.1022896931728068,0.9823390208213406,-0.6132153437832747,-0.6132153437832747,-0.45764953760886484,1650.0
-0.45764953760886484,-0.45764953760886484,-0.2127533665117425,-0.6163069479923508,-0.45764953760886473,0.8998995296041937,-0.6482468998062471,1.6307484966544228,1.6307484966544228,-0.45764953760886484,1365.0
2.1850781391035974,2.1850781391035974,1.0770410993524973,-0.6163069479923508,2.1850781391035974,-1.1022896931728068,0.6387031449866011,-0.6132153437832747,-0.6132153437832747,2.1850781391035974,2710.0
-0.45764953760886484,-0.45764953760886484,-0.1971544646286257,1.6225681103507714,-0.45764953760886473,0.9144002910508762,0.11651137288479095,-0.6132153437832747,-0.6132153437832747,-0.45764953760886484,2743.0
-0.45764953760886484,-0.45764953760886484,-0.2127533665117425,-0.6163069479923508,-0.45764953760886473,0.8998995296041937,-0.9211342129691285,1.6307484966544228,1.6307484966544228,-0.45764953760886484,1110.0
2.1850781391035974,2.1850781391035974,1.0770410993524973,-0.6163069479923508,2.1850781391035974,-1.1022896931728068,0.3759227693482708,-0.6132153437832747,-0.6132153437832747,2.1850781391035974,2045.0
-0.45764953760886484,-0.45764953760886484,-0.1971544646286257,1.6225681103507714,-0.45764953760886473,0.9144002910508762,1.2619642923339227,-0.6132153437832747,-0.6132153437832747,-0.45764953760886484,2015.0
-0.45764953760886484,-0.45764953760886484,-0.1971544646286257,1.6225681103507714,-0.45764953760886473,0.9144002910508762,0.7195586451830104,-0.6132153437832747,-0.6132153437832747,-0.45764953760886484,1276.0
2.1850781391035974,2.1850781391035974,1.0770410993524973,-0.6163069479923508,2.1850781391035974,-1.1022896931728068,-0.24733837799905092,-0.6132153437832747,-0.6132153437832747,2.1850781391035974,1670.0
-0.45764953760886484,-0.45764953760886484,-0.2127533665117425,-0.6163069479923508,-0.45764953760886473,0.8998995296041937,1.2956540840824267,1.6307484966544228,1.6307484966544228,-0.45764953760886484,1554.0
-0.45764953760886484,-0.45764953760886484,-0.2127533665117425,-0.6163069479923508,-0.45764953760886473,0.8998995296041937,0.42308847779617625,1.6307484966544228,1.6307484966544228,-0.45764953760886484,1780.0
-0.45764953760886484,-0.45764953760886484,-0.2127533665117425,-0.6163069479923508,-0.45764953760886473,0.8998995296041937,5.041958926516058,1.6307484966544228,1.6307484966544228,-0.45764953760886484,1949.0
-0.45764953760886484,-0.45764953760886484,1.0377915792989507,-0.6163069479923508,-0.45764953760886473,-1.1022896931728068,0.1299872895841925,-0.6132153437832747,-0.6132153437832747,-0.45764953760886484,750.0
2.1850781391035974,2.1850781391035974,1.0770410993524973,-0.6163069479923508,2.1850781391035974,-1.1022896931728068,0.25463951905365684,-0.6132153437832747,-0.6132153437832747,2.1850781391035974,1145.0
2.1850781391035974,2.1850781391035974,1.0770410993524973,-0.6163069479923508,2.1850781391035974,-1.1022896931728068,-0.4157873367415703,-0.6132153437832747,-0.6132153437832747,2.1850781391035974,1707.0
2.1850781391035974,2.1850781391035974,1.0770410993524973,-0.6163069479923508,2.1850781391035974,-1.1022896931728068,1.2417504172848204,-0.6132153437832747,-0.6132153437832747,2.1850781391035974,1400.0
-0.45764953760886484,-0.45764953760886484,-0.1971544646286257,1.6225681103507714,-0.45764953760886473,0.9144002910508762,-0.6785677123799005,-0.6132153437832747,-0.6132153437832747,-0.45764953760886484,855.0
-0.45764953760886484,-0.45764953760886484,-0.2127533665117425,-0.6163069479923508,-0.45764953760886473,0.8998995296041937,1.2249055214105684,1.6307484966544228,1.6307484966544228,-0.45764953760886484,2376.0
-0.45764953760886484,-0.45764953760886484,-0.2127533665117425,-0.6163069479923508,-0.45764953760886473,0.8998995296041937,-0.8065889210242153,1.6307484966544228,1.6307484966544228,-0.45764953760886484,1105.0
-0.45764953760886484,-0.45764953760886484,-0.1971544646286257,1.6225681103507714,-0.45764953760886473,0.9144002910508762,2.0839952109974176,-0.6132153437832747,-0.6132153437832747,-0.45764953760886484,1425.0
-0.45764953760886484,-0.45764953760886484,-0.1971544646286257,1.6225681103507714,-0.45764953760886473,0.9144002910508762,0.5679545823147429,-0.6132153437832747,-0.6132153437832747,-0.45764953760886484,1120.0
-0.45764953760886484,-0.45764953760886484,-0.2127533665117425,-0.6163069479923508,-0.45764953760886473,0.8998995296041937,-1.2849839638529703,1.6307484966544228,1.6307484966544228,-0.45764953760886484,1213.0
-0.45764953760886484,-0.45764953760886484,-0.1971544646286257,1.6225681103507714,-0.45764953760886473,0.9144002910508762,-1.2344492762302146,-0.6132153437832747,-0.6132153437832747,-0.45764953760886484,1795.0
2.1850781391035974,2.1850781391035974,1.0770410993524973,-0.6163069479923508,2.1850781391035974,-1.1022896931728068,0.7128206868333096,-0.6132153437832747,-0.6132153437832747,2.1850781391035974,2493.0
-0.45764953760886484,-0.45764953760886484,-0.1971544646286257,1.6225681103507714,-0.45764953760886473,0.9144002910508762,-0.16311389862779122,-0.6132153437832747,-0.6132153437832747,-0.45764953760886484,1265.0
-0.45764953760886484,-0.45764953760886484,-0.1971544646286257,1.6225681103507714,-0.45764953760886473,0.9144002910508762,1.5382205846716546,-0.6132153437832747,-0.6132153437832747,-0.45764953760886484,1515.0
-0.45764953760886484,-0.45764953760886484,-0.2127533665117425,-0.6163069479923508,-0.45764953760886473,0.8998995296041937,-1.6488337147368122,1.6307484966544228,1.6307484966544228,-0.45764953760886484,1000.0
-0.45764953760886484,-0.45764953760886484,-0.1971544646286257,1.6225681103507714,-0.45764953760886473,0.9144002910508762,-0.7560542334014595,-0.6132153437832747,-0.6132153437832747,-0.45764953760886484,1355.0
-0.45764953760886484,-0.45764953760886484,-2.3503862001637854,-0.6163069479923508,-0.45764953760886473,-1.1022896931728068,-0.4157873367415703,-0.6132153437832747,-0.6132153437832747,-0.45764953760886484,1491.0
-0.45764953760886484,-0.45764953760886484,-0.2127533665117425,-0.6163069479923508,-0.45764953760886473,0.8998995296041937,0.8138900620788212,1.6307484966544228,1.6307484966544228,-0.45764953760886484,1705.0
-0.45764953760886484,-0.45764953760886484,-0.1971544646286257,1.6225681103507714,-0.45764953760886473,0.9144002910508762,-0.7122575041284044,-0.6132153437832747,-0.6132153437832747,-0.45764953760886484,1321.0
-0.45764953760886484,-0.45764953760886484,-0.1971544646286257,1.6225681103507714,-0.45764953760886473,0.9144002910508762,1.1743708337878127,-0.6132153437832747,-0.6132153437832747,-0.45764953760886484,1363.0
-0.45764953760886484,-0.45764953760886484,1.0377915792989507,-0.6163069479923508,-0.45764953760886473,-1.1022896931728068,-1.1839145886074587,-0.6132153437832747,-0.6132153437832747,-0.45764953760886484,1670.0
-0.45764953760886484,-0.45764953760886484,-0.2127533665117425,-0.6163069479923508,-0.45764953760886473,0.8998995296041937,-0.6111881288828928,1.6307484966544228,1.6307484966544228,-0.45764953760886484,825.0
-0.45764953760886484,-0.45764953760886484,-2.3503862001637854,-0.6163069479923508,-0.45764953760886473,-1.1022896931728068,0.6387031449866011,-0.6132153437832747,-0.6132153437832747,-0.45764953760886484,2690.0
-0.45764953760886484,-0.45764953760886484,1.0377915792989507,-0.6163069479923508,-0.45764953760886473,-1.1022896931728068,0.4096125610967747,-0.6132153437832747,-0.6132153437832747,-0.45764953760886484,1060.0
-0.45764953760886484,-0.45764953760886484,-2.3503862001637854,-0.6163069479923508,-0.45764953760886473,-1.1022896931728068,1.1204671669902064,-0.6132153437832747,-0.6132153437832747,-0.45764953760886484,1862.0
-0.45764953760886484,-0.45764953760886484,-0.2127533665117425,-0.6163069479923508,-0.45764953760886473,0.8998995296041937,-0.5235946703367828,1.6307484966544228,1.6307484966544228,-0.45764953760886484,1210.0
-0.45764953760886484,-0.45764953760886484,-0.2127533665117425,-0.6163069479923508,-0.45764953760886473,0.8998995296041937,-0.2978730656218067,1.6307484966544228,1.6307484966544228,-0.45764953760886484,1395.0
-0.45764953760886484,-0.45764953760886484,-0.1971544646286257,1.6225681103507714,-0.45764953760886473,0.9144002910508762,0.8105210829039708,-0.6132153437832747,-0.6132153437832747,-0.45764953760886484,1380.0
-0.45764953760886484,-0.45764953760886484,-0.1971544646286257,1.6225681103507714,-0.45764953760886473,0.9144002910508762,0.6050133532380971,-0.6132153437832747,-0.6132153437832747,-0.45764953760886484,1815.0
-0.45764953760886484,-0.45764953760886484,-0.1971544646286257,1.6225681103507714,-0.45764953760886473,0.9144002910508762,-0.4427391701403734,-0.6132153437832747,-0.6132153437832747,-0.45764953760886484,2084.0
-0.45764953760886484,-0.45764953760886484,-0.2127533665117425,-0.6163069479923508,-0.45764953760886473,0.8998995296041937,-0.20354164872599587,1.6307484966544228,1.6307484966544228,-0.45764953760886484,1460.0
-0.45764953760886484,-0.45764953760886484,1.0377915792989507,-0.6163069479923508,-0.45764953760886473,-1.1022896931728068,0.6454411033363018,-0.6132153437832747,-0.6132153437832747,-0.45764953760886484,1708.0
2.1850781391035974,2.1850781391035974,1.0770410993524973,-0.6163069479923508,2.1850781391035974,-1.1022896931728068,1.0396116667937971,-0.6132153437832747,-0.6132153437832747,2.1850781391035974,1360.0
-0.45764953760886484,-0.45764953760886484,-0.2127533665117425,-0.6163069479923508,-0.45764953760886473,0.8998995296041937,0.6050133532380971,1.6307484966544228,1.6307484966544228,-0.45764953760886484,1685.0
-0.45764953760886484,-0.45764953760886484,-2.3503862001637854,-0.6163069479923508,-0.45764953760886473,-1.1022896931728068,-0.7021505666038532,-0.6132153437832747,-0.6132153437832747,-0.45764953760886484,1239.0
-0.45764953760886484,-0.45764953760886484,-0.1971544646286257,1.6225681103507714,-0.45764953760886473,0.9144002910508762,-1.264770088803868,-0.6132153437832747,-0.6132153437832747,-0.45764953760886484,1209.0
2.1850781391035974,2.1850781391035974,1.0770410993524973,-0.6163069479923508,2.1850781391035974,-1.1022896931728068,-1.0693692966625454,-0.6132153437832747,-0.6132153437832747,2.1850781391035974,1246.0
-0.45764953760886484,-0.45764953760886484,-0.1971544646286257,1.6225681103507714,-0.45764953760886473,0.9144002910508762,-0.7560542334014595,-0.6132153437832747,-0.6132153437832747,-0.45764953760886484,1202.0
-0.45764953760886484,-0.45764953760886484,-0.1971544646286257,1.6225681103507714,-0.45764953760886473,0.9144002910508762,0.6252272282871995,-0.6132153437832747,-0.6132153437832747,-0.45764953760886484,2045.0
-0.45764953760886484,-0.45764953760886484,-0.2127533665117425,-0.6163069479923508,-0.45764953760886473,0.8998995296041937,-0.37535958664336566,1.6307484966544228,1.6307484966544228,-0.45764953760886484,1160.0
-0.45764953760886484,-0.45764953760886484,-0.2127533665117425,-0.6163069479923508,-0.45764953760886473,0.8998995296041937,1.41019937602734,1.6307484966544228,1.6307484966544228,-0.45764953760886484,1738.0
-0.45764953760886484,-0.45764953760886484,-0.2127533665117425,-0.6163069479923508,-0.45764953760886473,0.8998995296041937,-0.16311389862779122,1.6307484966544228,1.6307484966544228,-0.45764953760886484,1450.0
2.1850781391035974,2.1850781391035974,1.0770410993524973,-0.6163069479923508,2.1850781391035974,-1.1022896931728068,0.022179955988980097,-0.6132153437832747,-0.6132153437832747,2.1850781391035974,2045.0
2.1850781391035974,2.1850781391035974,1.0770410993524973,-0.6163069479923508,2.1850781391035974,-1.1022896931728068,0.07271464361173591,-0.6132153437832747,-0.6132153437832747,2.1850781391035974,1395.0
2.1850781391035974,2.1850781391035974,1.0770410993524973,-0.6163069479923508,2.1850781391035974,-1.1022896931728068,-1.3355186514757262,-0.6132153437832747,-0.6132153437832747,2.1850781391035974,1434.0
-0.45764953760886484,-0.45764953760886484,1.0377915792989507,-0.6163069479923508,-0.45764953760886473,-1.1022896931728068,0.7835692495051677,-0.6132153437832747,-0.6132153437832747,-0.45764953760886484,1449.0
-0.45764953760886484,-0.45764953760886484,-0.2127533665117425,-0.6163069479923508,-0.45764953760886473,0.8998995296041937,0.6050133532380971,1.6307484966544228,1.6307484966544228,-0.45764953760886484,1625.0
-0.45764953760886484,-0.45764953760886484,-0.2127533665117425,-0.6163069479923508,-0.45764953760886473,0.8998995296041937,1.5045307929231506,1.6307484966544228,1.6307484966544228,-0.45764953760886484,2330.0
-0.45764953760886484,-0.45764953760886484,-0.1971544646286257,1.6225681103507714,-0.45764953760886473,0.9144002910508762,1.3394508133554817,-0.6132153437832747,-0.6132153437832747,-0.45764953760886484,3285.0
-0.45764953760886484,-0.45764953760886484,1.0377915792989507,-0.6163069479923508,-0.45764953760886473,-1.1022896931728068,0.3995056235722235,-0.6132153437832747,-0.6132153437832747,-0.45764953760886484,1265.0
-0.45764953760886484,-0.45764953760886484,-2.3503862001637854,-0.6163069479923508,-0.45764953760886473,-1.1022896931728068,-0.40904937839186956,-0.6132153437832747,-0.6132153437832747,-0.45764953760886484,2166.0
-0.45764953760886484,-0.45764953760886484,1.0377915792989507,-0.6163069479923508,-0.45764953760886473,-1.1022896931728068,0.5443717280907902,-0.6132153437832747,-0.6132153437832747,-0.45764953760886484,2647.0
2.1850781391035974,2.1850781391035974,1.0770410993524973,-0.6163069479923508,2.1850781391035974,-1.1022896931728068,-1.1906525469571594,-0.6132153437832747,-0.6132153437832747,2.1850781391035974,1165.0
-0.45764953760886484,-0.45764953760886484,-0.2127533665117425,-0.6163069479923508,-0.45764953760886473,0.8998995296041937,-0.9581929838924828,1.6307484966544228,1.6307484966544228,-0.45764953760886484,985.0
-0.45764953760886484,-0.45764953760886484,-2.3503862001637854,-0.6163069479923508,-0.45764953760886473,-1.1022896931728068,-0.07215146090683076,-0.6132153437832747,-0.6132153437832747,-0.45764953760886484,925.0
-0.45764953760886484,-0.45764953760886484,-0.2127533665117425,-0.6163069479923508,-0.45764953760886473,0.8998995296041937,1.2585953131590724,1.6307484966544228,1.6307484966544228,-0.45764953760886484,2431.0
-0.45764953760886484,-0.45764953760886484,-2.3503862001637854,-0.6163069479923508,-0.45764953760886473,-1.1022896931728068,-0.2709212322230036,-0.6132153437832747,-0.6132153437832747,-0.45764953760886484,1630.0
-0.45764953760886484,-0.45764953760886484,-2.3503862001637854,-0.6163069479923508,-0.45764953760886473,-1.1022896931728068,-0.26418327387330287,-0.6132153437832747,-0.6132153437832747,-0.45764953760886484,1078.0
-0.45764953760886484,-0.45764953760886484,-0.2127533665117425,-0.6163069479923508,-0.45764953760886473,0.8998995296041937,0.8138900620788212,1.6307484966544228,1.6307484966544228,-0.45764953760886484,1540.0
-0.45764953760886484,-0.45764953760886484,-2.3503862001637854,-0.6163069479923508,-0.45764953760886473,-1.1022896931728068,-0.3012420447966571,-0.6132153437832747,-0.6132153437832747,-0.45764953760886484,2251.0
2.1850781391035974,2.1850781391035974,1.0770410993524973,-0.6163069479923508,2.1850781391035974,-1.1022896931728068,-0.33830081572001136,-0.6132153437832747,-0.6132153437832747,2.1850781391035974,1367.0
2.1850781391035974,2.1850781391035974,1.0770410993524973,-0.6163069479923508,2.1850781391035974,-1.1022896931728068,-1.0087276715152385,-0.6132153437832747,-0.6132153437832747,2.1850781391035974,1600.0
-0.45764953760886484,-0.45764953760886484,1.0377915792989507,-0.6163069479923508,-0.45764953760886473,-1.1022896931728068,0.7364035410572622,-0.6132153437832747,-0.6132153437832747,-0.45764953760886484,1360.0
-0.45764953760886484,-0.45764953760886484,-0.1971544646286257,1.6225681103507714,-0.45764953760886473,0.9144002910508762,-1.3355186514757262,-0.6132153437832747,-0.6132153437832747,-0.45764953760886484,1317.0
2.1850781391035974,2.1850781391035974,1.0770410993524973,-0.6163069479923508,2.1850781391035974,-1.1022896931728068,-0.3012420447966571,-0.6132153437832747,-0.6132153437832747,2.1850781391035974,1380.0
-0.45764953760886484,-0.45764953760886484,-0.2127533665117425,-0.6163069479923508,-0.45764953760886473,0.8998995296041937,1.3697716259291353,1.6307484966544228,1.6307484966544228,-0.45764953760886484,2420.0
-0.45764953760886484,-0.45764953760886484,-0.1971544646286257,1.6225681103507714,-0.45764953760886473,0.9144002910508762,-0.7964819834996641,-0.6132153437832747,-0.6132153437832747,-0.45764953760886484,1592.0
-0.45764953760886484,-0.45764953760886484,-0.2127533665117425,-0.6163069479923508,-0.45764953760886473,0.8998995296041937,1.4270442719015917,1.6307484966544228,1.6307484966544228,-0.45764953760886484,1494.0
-0.45764953760886484,-0.45764953760886484,-0.1971544646286257,1.6225681103507714,-0.45764953760886473,0.9144002910508762,1.3394508133554817,-0.6132153437832747,-0.6132153437832747,-0.45764953760886484,2377.0
-0.45764953760886484,-0.45764953760886484,-0.2127533665117425,-0.6163069479923508,-0.45764953760886473,0.8998995296041937,-0.9548240047176323,1.6307484966544228,1.6307484966544228,-0.45764953760886484,1150.0
-0.45764953760886484,-0.45764953760886484,-0.2127533665117425,-0.6163069479923508,-0.45764953760886473,0.8998995296041937,0.9991839166955925,1.6307484966544228,1.6307484966544228,-0.45764953760886484,2020.0
-0.45764953760886484,-0.45764953760886484,1.0377915792989507,-0.6163069479923508,-0.45764953760886473,-1.1022896931728068,0.6622859992105538,-0.6132153437832747,-0.6132153437832747,-0.45764953760886484,2500.0
2.1850781391035974,2.1850781391035974,1.0770410993524973,-0.6163069479923508,2.1850781391035974,-1.1022896931728068,-0.24060041964935014,-0.6132153437832747,-0.6132153437832747,2.1850781391035974,1520.0
-0.45764953760886484,-0.45764953760886484,-0.2127533665117425,-0.6163069479923508,-0.45764953760886473,0.8998995296041937,0.2344256440045545,1.6307484966544228,1.6307484966544228,-0.45764953760886484,1294.0
-0.45764953760886484,-0.45764953760886484,-2.3503862001637854,-0.6163069479923508,-0.45764953760886473,-1.1022896931728068,0.5241578530416878,-0.6132153437832747,-0.6132153437832747,-0.45764953760886484,2045.0
-0.45764953760886484,-0.45764953760886484,1.0377915792989507,-0.6163069479923508,-0.45764953760886473,-1.1022896931728068,0.9115904581494825,-0.6132153437832747,-0.6132153437832747,-0.45764953760886484,1360.0
-0.45764953760886484,-0.45764953760886484,-0.1971544646286257,1.6225681103507714,-0.45764953760886473,0.9144002910508762,-0.29113510727210595,-0.6132153437832747,-0.6132153437832747,-0.45764953760886484,1173.0
-0.45764953760886484,-0.45764953760886484,-2.3503862001637854,-0.6163069479923508,-0.45764953760886473,-1.1022896931728068,-0.6111881288828928,-0.6132153437832747,-0.6132153437832747,-0.45764953760886484,1525.0
2.1850781391035974,2.1850781391035974,1.0770410993524973,-0.6163069479923508,2.1850781391035974,-1.1022896931728068,0.47025418624408166,-0.6132153437832747,-0.6132153437832747,2.1850781391035974,1275.0
-0.45764953760886484,-0.45764953760886484,-0.1971544646286257,1.6225681103507714,-0.45764953760886473,0.9144002910508762,0.9991839166955925,-0.6132153437832747,-0.6132153437832747,-0.45764953760886484,1735.0
-0.45764953760886484,-0.45764953760886484,-0.1971544646286257,1.6225681103507714,-0.45764953760886473,0.9144002910508762,-1.359101505699679,-0.6132153437832747,-0.6132153437832747,-0.45764953760886484,1065.0
-0.45764953760886484,-0.45764953760886484,1.0377915792989507,-0.6163069479923508,-0.45764953760886473,-1.1022896931728068,-0.004771877409823006,-0.6132153437832747,-0.6132153437832747,-0.45764953760886484,1400.0
-0.45764953760886484,-0.45764953760886484,-0.1971544646286257,1.6225681103507714,-0.45764953760886473,0.9144002910508762,0.6858688534345064,-0.6132153437832747,-0.6132153437832747,-0.45764953760886484,1235.0
2.1850781391035974,2.1850781391035974,1.0770410993524973,-0.6163069479923508,2.1850781391035974,-1.1022896931728068,-0.5808673163092393,-0.6132153437832747,-0.6132153437832747,2.1850781391035974,1510.0
-0.45764953760886484,-0.45764953760886484,-0.2127533665117425,-0.6163069479923508,-0.45764953760886473,0.8998995296041937,-0.5235946703367828,1.6307484966544228,1.6307484966544228,-0.45764953760886484,980.0
-0.45764953760886484,-0.45764953760886484,1.0377915792989507,-0.6163069479923508,-0.45764953760886473,-1.1022896931728068,-1.2344492762302146,-0.6132153437832747,-0.6132153437832747,-0.45764953760886484,1285.0
-0.45764953760886484,-0.45764953760886484,-0.2127533665117425,-0.6163069479923508,-0.45764953760886473,0.8998995296041937,-1.0761072550122464,1.6307484966544228,1.6307484966544228,-0.45764953760886484,1200.0
-0.45764953760886484,-0.45764953760886484,-0.1971544646286257,1.6225681103507714,-0.45764953760886473,0.9144002910508762,-0.4494771284900742,-0.6132153437832747,-0.6132153437832747,-0.45764953760886484,1737.0
2.1850781391035974,2.1850781391035974,1.0770410993524973,-0.6163069479923508,2.1850781391035974,-1.1022896931728068,0.46688520706923126,-0.6132153437832747,-0.6132153437832747,2.1850781391035974,1150.0
-0.45764953760886484,-0.45764953760886484,-0.1971544646286257,1.6225681103507714,-0.45764953760886473,0.9144002910508762,-0.8032199418493648,-0.6132153437832747,-0.6132153437832747,-0.45764953760886484,1329.0
-0.45764953760886484,-0.45764953760886484,-2.3503862001637854,-0.6163069479923508,-0.45764953760886473,-1.1022896931728068,-0.27429021139785403,-0.6132153437832747,-0.6132153437832747,-0.45764953760886484,1269.0
-0.45764953760886484,-0.45764953760886484,-0.2127533665117425,-0.6163069479923508,-0.45764953760886473,0.8998995296041937,1.5382205846716546,1.6307484966544228,1.6307484966544228,-0.45764953760886484,1470.0
-0.45764953760886484,-0.45764953760886484,1.0377915792989507,-0.6163069479923508,-0.45764953760886473,-1.1022896931728068,-0.4292632534409719,-0.6132153437832747,-0.6132153437832747,-0.45764953760886484,1526.0
2.1850781391035974,2.1850781391035974,1.0770410993524973,-0.6163069479923508,2.1850781391035974,-1.1022896931728068,1.0530875834931988,-0.6132153437832747,-0.6132153437832747,2.1850781391035974,1640.0
2.1850781391035974,2.1850781391035974,1.0770410993524973,-0.6163069479923508,2.1850781391035974,-1.1022896931728068,0.6622859992105538,-0.6132153437832747,-0.6132153437832747,2.1850781391035974,2230.0
2.1850781391035974,2.1850781391035974,1.0770410993524973,-0.6163069479923508,2.1850781391035974,-1.1022896931728068,1.6089691473435126,-0.6132153437832747,-0.6132153437832747,2.1850781391035974,2200.0
-0.45764953760886484,-0.45764953760886484,-0.1971544646286257,1.6225681103507714,-0.45764953760886473,0.9144002910508762,-0.7021505666038532,-0.6132153437832747,-0.6132153437832747,-0.45764953760886484,1641.0
2.1850781391035974,2.1850781391035974,1.0770410993524973,-0.6163069479923508,2.1850781391035974,-1.1022896931728068,1.204691646361466,-0.6132153437832747,-0.6132153437832747,2.1850781391035974,2175.0
-0.45764953760886484,-0.45764953760886484,-0.1971544646286257,1.6225681103507714,-0.45764953760886473,0.9144002910508762,-0.5774983371343889,-0.6132153437832747,-0.6132153437832747,-0.45764953760886484,1216.0
-0.45764953760886484,-0.45764953760886484,-2.3503862001637854,-0.6163069479923508,-0.45764953760886473,-1.1022896931728068,-0.8874444212206246,-0.6132153437832747,-0.6132153437832747,-0.45764953760886484,1625.0
-0.45764953760886484,-0.45764953760886484,-0.2127533665117425,-0.6163069479923508,-0.45764953760886473,0.8998995296041937,0.5847994781889948,1.6307484966544228,1.6307484966544228,-0.45764953760886484,1507.0
-0.45764953760886484,-0.45764953760886484,-0.1971544646286257,1.6225681103507714,-0.45764953760886473,0.9144002910508762,-1.2142354011811123,-0.6132153437832747,-0.6132153437832747,-0.45764953760886484,1507.0
-0.45764953760886484,-0.45764953760886484,-0.2127533665117425,-0.6163069479923508,-0.45764953760886473,0.8998995296041937,0.012073018464428932,1.6307484966544228,1.6307484966544228,-0.45764953760886484,2480.0
-0.45764953760886484,-0.45764953760886484,-0.1971544646286257,1.6225681103507714,-0.45764953760886473,0.9144002910508762,1.1137292086405057,-0.6132153437832747,-0.6132153437832747,-0.45764953760886484,1615.0
2.1850781391035974,2.1850781391035974,1.0770410993524973,-0.6163069479923508,2.1850781391035974,-1.1022896931728068,1.5281136471471033,-0.6132153437832747,-0.6132153437832747,2.1850781391035974,1650.0
2.1850781391035974,2.1850781391035974,1.0770410993524973,-0.6163069479923508,2.1850781391035974,-1.1022896931728068,1.4876858970488986,-0.6132153437832747,-0.6132153437832747,2.1850781391035974,2095.0
-0.45764953760886484,-0.45764953760886484,1.0377915792989507,-0.6163069479923508,-0.45764953760886473,-1.1022896931728068,-0.665091795680499,-0.6132153437832747,-0.6132153437832747,-0.45764953760886484,1931.0
2.1850781391035974,2.1850781391035974,1.0770410993524973,-0.6163069479923508,2.1850781391035974,-1.1022896931728068,-0.8807064628709238,-0.6132153437832747,-0.6132153437832747,2.1850781391035974,1435.0
2.1850781391035974,2.1850781391035974,1.0770410993524973,-0.6163069479923508,2.1850781391035974,-1.1022896931728068,-0.4427391701403734,-0.6132153437832747,-0.6132153437832747,2.1850781391035974,1311.0
-0.45764953760886484,-0.45764953760886484,1.0377915792989507,-0.6163069479923508,-0.45764953760886473,-1.1022896931728068,0.9048524997997817,-0.6132153437832747,-0.6132153437832747,-0.45764953760886484,1175.0
-0.45764953760886484,-0.45764953760886484,-0.2127533665117425,-0.6163069479923508,-0.45764953760886473,0.8998995296041937,-0.062044523382279594,1.6307484966544228,1.6307484966544228,-0.45764953760886484,1636.0
-0.45764953760886484,-0.45764953760886484,-0.1971544646286257,1.6225681103507714,-0.45764953760886473,0.9144002910508762,0.17041503968239716,-0.6132153437832747,-0.6132153437832747,-0.45764953760886484,710.0
-0.45764953760886484,-0.45764953760886484,-2.3503862001637854,-0.6163069479923508,-0.45764953760886473,-1.1022896931728068,0.9756010624716398,-0.6132153437832747,-0.6132153437832747,-0.45764953760886484,2650.0
-0.45764953760886484,-0.45764953760886484,1.0377915792989507,-0.6163069479923508,-0.45764953760886473,-1.1022896931728068,0.6690239575602546,-0.6132153437832747,-0.6132153437832747,-0.45764953760886484,1635.0
2.1850781391035974,2.1850781391035974,1.0770410993524973,-0.6163069479923508,2.1850781391035974,-1.1022896931728068,-1.1502247968589547,-0.6132153437832747,-0.6132153437832747,2.1850781391035974,1770.0
-0.45764953760886484,-0.45764953760886484,1.0377915792989507,-0.6163069479923508,-0.45764953760886473,-1.1022896931728068,0.25463951905365684,-0.6132153437832747,-0.6132153437832747,-0.45764953760886484,1175.0
2.1850781391035974,2.1850781391035974,1.0770410993524973,-0.6163069479923508,2.1850781391035974,-1.1022896931728068,-1.012096650690089,-0.6132153437832747,-0.6132153437832747,2.1850781391035974,1155.0
2.1850781391035974,2.1850781391035974,1.0770410993524973,-0.6163069479923508,2.1850781391035974,-1.1022896931728068,0.7532484369315142,-0.6132153437832747,-0.6132153437832747,2.1850781391035974,2205.0
-0.45764953760886484,-0.45764953760886484,1.0377915792989507,-0.6163069479923508,-0.45764953760886473,-1.1022896931728068,-0.7627921917511602,-0.6132153437832747,-0.6132153437832747,-0.45764953760886484,1270.0
-0.45764953760886484,-0.45764953760886484,-0.1971544646286257,1.6225681103507714,-0.45764953760886473,0.9144002910508762,1.012659833394994,-0.6132153437832747,-0.6132153437832747,-0.45764953760886484,1930.0
-0.45764953760886484,-0.45764953760886484,1.0377915792989507,-0.6163069479923508,-0.45764953760886473,-1.1022896931728068,0.80378312455427,-0.6132153437832747,-0.6132153437832747,-0.45764953760886484,2100.0
2.1850781391035974,2.1850781391035974,1.0770410993524973,-0.6163069479923508,2.1850781391035974,-1.1022896931728068,-1.1637007135583564,-0.6132153437832747,-0.6132153437832747,2.1850781391035974,1159.0
-0.45764953760886484,-0.45764953760886484,-0.1971544646286257,1.6225681103507714,-0.45764953760886473,0.9144002910508762,1.7875250436105832,-0.6132153437832747,-0.6132153437832747,-0.45764953760886484,820.0
-0.45764953760886484,-0.45764953760886484,-0.2127533665117425,-0.6163069479923508,-0.45764953760886473,0.8998995296041937,0.14683218545844445,1.6307484966544228,1.6307484966544228,-0.45764953760886484,1985.0
-0.45764953760886484,-0.45764953760886484,-0.1971544646286257,1.6225681103507714,-0.45764953760886473,0.9144002910508762,1.7875250436105832,-0.6132153437832747,-0.6132153437832747,-0.45764953760886484,820.0
-0.45764953760886484,-0.45764953760886484,-0.1971544646286257,1.6225681103507714,-0.45764953760886473,0.9144002910508762,1.5382205846716546,-0.6132153437832747,-0.6132153437832747,-0.45764953760886484,1455.0
2.1850781391035974,2.1850781391035974,1.0770410993524973,-0.6163069479923508,2.1850781391035974,-1.1022896931728068,-0.3450387740697122,-0.6132153437832747,-0.6132153437832747,2.1850781391035974,995.0
-0.45764953760886484,-0.45764953760886484,-0.1971544646286257,1.6225681103507714,-0.45764953760886473,0.9144002910508762,-1.2007594844817107,-0.6132153437832747,-0.6132153437832747,-0.45764953760886484,1316.0
-0.45764953760886484,-0.45764953760886484,-0.1971544646286257,1.6225681103507714,-0.45764953760886473,0.9144002910508762,1.7908940227854335,-0.6132153437832747,-0.6132153437832747,-0.45764953760886484,1699.0
-0.45764953760886484,-0.45764953760886484,1.0377915792989507,-0.6163069479923508,-0.45764953760886473,-1.1022896931728068,-0.3281938781954602,-0.6132153437832747,-0.6132153437832747,-0.45764953760886484,1799.0
-0.45764953760886484,-0.45764953760886484,-0.2127533665117425,-0.6163069479923508,-0.45764953760886473,0.8998995296041937,0.7364035410572622,1.6307484966544228,1.6307484966544228,-0.45764953760886484,1208.0
-0.45764953760886484,-0.45764953760886484,-0.1971544646286257,1.6225681103507714,-0.45764953760886473,0.9144002910508762,-0.84701667112242,-0.6132153437832747,-0.6132153437832747,-0.45764953760886484,1180.0
2.1850781391035974,2.1850781391035974,1.0770410993524973,-0.6163069479923508,2.1850781391035974,-1.1022896931728068,-0.8773374836960735,-0.6132153437832747,-0.6132153437832747,2.1850781391035974,1690.0
2.1850781391035974,2.1850781391035974,1.0770410993524973,-0.6163069479923508,2.1850781391035974,-1.1022896931728068,0.3995056235722235,-0.6132153437832747,-0.6132153437832747,2.1850781391035974,1175.0
-0.45764953760886484,-0.45764953760886484,1.0377915792989507,-0.6163069479923508,-0.45764953760886473,-1.1022896931728068,-0.9615619630673331,-0.6132153437832747,-0.6132153437832747,-0.45764953760886484,1310.0
-0.45764953760886484,-0.45764953760886484,-2.3503862001637854,-0.6163069479923508,-0.45764953760886473,-1.1022896931728068,-0.37199060746851526,-0.6132153437832747,-0.6132153437832747,-0.45764953760886484,1618.0
-0.45764953760886484,-0.45764953760886484,1.0377915792989507,-0.6163069479923508,-0.45764953760886473,-1.1022896931728068,0.47025418624408166,-0.6132153437832747,-0.6132153437832747,-0.45764953760886484,1275.0
-0.45764953760886484,-0.45764953760886484,1.0377915792989507,-0.6163069479923508,-0.45764953760886473,-1.1022896931728068,-0.9716689005918843,-0.6132153437832747,-0.6132153437832747,-0.45764953760886484,1681.0
-0.45764953760886484,-0.45764953760886484,-0.2127533665117425,-0.6163069479923508,-0.45764953760886473,0.8998995296041937,0.25463951905365684,1.6307484966544228,1.6307484966544228,-0.45764953760886484,1070.0
-0.45764953760886484,-0.45764953760886484,-0.2127533665117425,-0.6163069479923508,-0.45764953760886473,0.8998995296041937,1.437151209426143,1.6307484966544228,1.6307484966544228,-0.45764953760886484,1734.0
-0.45764953760886484,-0.45764953760886484,-0.2127533665117425,-0.6163069479923508,-0.45764953760886473,0.8998995296041937,-0.2709212322230036,1.6307484966544228,1.6307484966544228,-0.45764953760886484,2040.0
-0.45764953760886484,-0.45764953760886484,1.0377915792989507,-0.6163069479923508,-0.45764953760886473,-1.1022896931728068,0.25463951905365684,-0.6132153437832747,-0.6132153437832747,-0.45764953760886484,1640.0
-0.45764953760886484,-0.45764953760886484,1.0377915792989507,-0.6163069479923508,-0.45764953760886473,-1.1022896931728068,1.228274500585419,-0.6132153437832747,-0.6132153437832747,-0.45764953760886484,1693.0
-0.45764953760886484,-0.45764953760886484,-0.1971544646286257,1.6225681103507714,-0.45764953760886473,0.9144002910508762,-0.4258942742661215,-0.6132153437832747,-0.6132153437832747,-0.45764953760886484,1225.0
-0.45764953760886484,-0.45764953760886484,-2.3503862001637854,-0.6163069479923508,-0.45764953760886473,-1.1022896931728068,1.342819792530332,-0.6132153437832747,-0.6132153437832747,-0.45764953760886484,1424.0
-0.45764953760886484,-0.45764953760886484,-0.2127533665117425,-0.6163069479923508,-0.45764953760886473,0.8998995296041937,-0.7324713791775067,1.6307484966544228,1.6307484966544228,-0.45764953760886484,1319.0
-0.45764953760886484,-0.45764953760886484,-2.3503862001637854,-0.6163069479923508,-0.45764953760886473,-1.1022896931728068,-0.45621508683977496,-0.6132153437832747,-0.6132153437832747,-0.45764953760886484,1611.0
-0.45764953760886484,-0.45764953760886484,-0.2127533665117425,-0.6163069479923508,-0.45764953760886473,0.8998995296041937,1.0261357500943957,1.6307484966544228,1.6307484966544228,-0.45764953760886484,770.0
-0.45764953760886484,-0.45764953760886484,-0.1971544646286257,1.6225681103507714,-0.45764953760886473,0.9144002910508762,-0.45284610766492456,-0.6132153437832747,-0.6132153437832747,-0.45764953760886484,938.0
2.1850781391035974,2.1850781391035974,1.0770410993524973,-0.6163069479923508,2.1850781391035974,-1.1022896931728068,-0.5303326286864835,-0.6132153437832747,-0.6132153437832747,2.1850781391035974,1265.0
2.1850781391035974,2.1850781391035974,1.0770410993524973,-0.6163069479923508,2.1850781391035974,-1.1022896931728068,-1.0323105257391914,-0.6132153437832747,-0.6132153437832747,2.1850781391035974,1339.0
-0.45764953760886484,-0.45764953760886484,-0.2127533665117425,-0.6163069479923508,-0.45764953760886473,0.8998995296041937,0.25463951905365684,1.6307484966544228,1.6307484966544228,-0.45764953760886484,1220.0
-0.45764953760886484,-0.45764953760886484,-0.1971544646286257,1.6225681103507714,-0.45764953760886473,0.9144002910508762,0.25800849822850724,-0.6132153437832747,-0.6132153437832747,-0.45764953760886484,1100.0
-0.45764953760886484,-0.45764953760886484,1.0377915792989507,-0.6163069479923508,-0.45764953760886473,-1.1022896931728068,-0.9278721713188293,-0.6132153437832747,-0.6132153437832747,-0.45764953760886484,886.0
-0.45764953760886484,-0.45764953760886484,-0.2127533665117425,-0.6163069479923508,-0.45764953760886473,0.8998995296041937,0.3624468526488693,1.6307484966544228,1.6307484966544228,-0.45764953760886484,1690.0
-0.45764953760886484,-0.45764953760886484,-0.2127533665117425,-0.6163069479923508,-0.45764953760886473,0.8998995296041937,2.252444169739937,1.6307484966544228,1.6307484966544228,-0.45764953760886484,2109.0
-0.45764953760886484,-0.45764953760886484,-0.1971544646286257,1.6225681103507714,-0.45764953760886473,0.9144002910508762,0.06260770608718474,-0.6132153437832747,-0.6132153437832747,-0.45764953760886484,1588.0
-0.45764953760886484,-0.45764953760886484,-0.2127533665117425,-0.6163069479923508,-0.45764953760886473,0.8998995296041937,0.4870990821183336,1.6307484966544228,1.6307484966544228,-0.45764953760886484,1857.0
-0.45764953760886484,-0.45764953760886484,-0.1971544646286257,1.6225681103507714,-0.45764953760886473,0.9144002910508762,1.2147985838860174,-0.6132153437832747,-0.6132153437832747,-0.45764953760886484,1870.0
-0.45764953760886484,-0.45764953760886484,1.0377915792989507,-0.6163069479923508,-0.45764953760886473,-1.1022896931728068,-0.8604925878218215,-0.6132153437832747,-0.6132153437832747,-0.45764953760886484,639.0
-0.45764953760886484,-0.45764953760886484,-0.2127533665117425,-0.6163069479923508,-0.45764953760886473,0.8998995296041937,-0.8369097335978688,1.6307484966544228,1.6307484966544228,-0.45764953760886484,1840.0
-0.45764953760886484,-0.45764953760886484,-0.1971544646286257,1.6225681103507714,-0.45764953760886473,0.9144002910508762,-0.9548240047176323,-0.6132153437832747,-0.6132153437832747,-0.45764953760886484,2145.0
-0.45764953760886484,-0.45764953760886484,-0.1971544646286257,1.6225681103507714,-0.45764953760886473,0.9144002910508762,2.026722565024961,-0.6132153437832747,-0.6132153437832747,-0.45764953760886484,1395.0
-0.45764953760886484,-0.45764953760886484,-0.2127533665117425,-0.6163069479923508,-0.45764953760886473,0.8998995296041937,-0.1462690027535393,1.6307484966544228,1.6307484966544228,-0.45764953760886484,1455.0
2.1850781391035974,2.1850781391035974,1.0770410993524973,-0.6163069479923508,2.1850781391035974,-1.1022896931728068,0.5847994781889948,-0.6132153437832747,-0.6132153437832747,2.1850781391035974,1847.0
-0.45764953760886484,-0.45764953760886484,-0.2127533665117425,-0.6163069479923508,-0.45764953760886473,0.8998995296041937,1.7875250436105832,1.6307484966544228,1.6307484966544228,-0.45764953760886484,820.0
-0.45764953760886484,-0.45764953760886484,-2.3503862001637854,-0.6163069479923508,-0.45764953760886473,-1.1022896931728068,-0.4461081493152238,-0.6132153437832747,-0.6132153437832747,-0.45764953760886484,1490.0
-0.45764953760886484,-0.45764953760886484,-0.2127533665117425,-0.6163069479923508,-0.45764953760886473,0.8998995296041937,-0.7189954624781052,1.6307484966544228,1.6307484966544228,-0.45764953760886484,1465.0
-0.45764953760886484,-0.45764953760886484,-0.1971544646286257,1.6225681103507714,-0.45764953760886473,0.9144002910508762,0.35570889429916847,-0.6132153437832747,-0.6132153437832747,-0.45764953760886484,2212.0
2.1850781391035974,2.1850781391035974,1.0770410993524973,-0.6163069479923508,2.1850781391035974,-1.1022896931728068,-0.07215146090683076,-0.6132153437832747,-0.6132153437832747,2.1850781391035974,660.0
-0.45764953760886484,-0.45764953760886484,-0.2127533665117425,-0.6163069479923508,-0.45764953760886473,0.8998995296041937,-1.4163741516721355,1.6307484966544228,1.6307484966544228,-0.45764953760886484,762.0
-0.45764953760886484,-0.45764953760886484,-0.1971544646286257,1.6225681103507714,-0.45764953760886473,0.9144002910508762,0.06260770608718474,-0.6132153437832747,-0.6132153437832747,-0.45764953760886484,1487.0
2.1850781391035974,2.1850781391035974,1.0770410993524973,-0.6163069479923508,2.1850781391035974,-1.1022896931728068,-0.7796370876254122,-0.6132153437832747,-0.6132153437832747,2.1850781391035974,1235.0
-0.45764953760886484,-0.45764953760886484,-0.2127533665117425,-0.6163069479923508,-0.45764953760886473,0.8998995296041937,-1.0323105257391914,1.6307484966544228,1.6307484966544228,-0.45764953760886484,1330.0
2.1850781391035974,2.1850781391035974,1.0770410993524973,-0.6163069479923508,2.1850781391035974,-1.1022896931728068,-1.1401178593344037,-0.6132153437832747,-0.6132153437832747,2.1850781391035974,1300.0
-0.45764953760886484,-0.45764953760886484,-0.1971544646286257,1.6225681103507714,-0.45764953760886473,0.9144002910508762,0.7364035410572622,-0.6132153437832747,-0.6132153437832747,-0.45764953760886484,1800.0
-0.45764953760886484,-0.45764953760886484,-0.2127533665117425,-0.6163069479923508,-0.45764953760886473,0.8998995296041937,-1.3793153807487812,1.6307484966544228,1.6307484966544228,-0.45764953760886484,1439.0
-0.45764953760886484,-0.45764953760886484,1.0377915792989507,-0.6163069479923508,-0.45764953760886473,-1.1022896931728068,-0.8807064628709238,-0.6132153437832747,-0.6132153437832747,-0.45764953760886484,1435.0
-0.45764953760886484,-0.45764953760886484,-0.2127533665117425,-0.6163069479923508,-0.45764953760886473,0.8998995296041937,0.7633553744560654,1.6307484966544228,1.6307484966544228,-0.45764953760886484,1723.0
2.1850781391035974,2.1850781391035974,1.0770410993524973,-0.6163069479923508,2.1850781391035974,-1.1022896931728068,-1.0087276715152385,-0.6132153437832747,-0.6132153437832747,2.1850781391035974,1475.0
-0.45764953760886484,-0.45764953760886484,-0.1971544646286257,1.6225681103507714,-0.45764953760886473,0.9144002910508762,-0.37535958664336566,-0.6132153437832747,-0.6132153437832747,-0.45764953760886484,1245.0
2.1850781391035974,2.1850781391035974,1.0770410993524973,-0.6163069479923508,2.1850781391035974,-1.1022896931728068,1.0362426876189468,-0.6132153437832747,-0.6132153437832747,2.1850781391035974,1835.0
-0.45764953760886484,-0.45764953760886484,-2.3503862001637854,-0.6163069479923508,-0.45764953760886473,-1.1022896931728068,0.23105666482970413,-0.6132153437832747,-0.6132153437832747,-0.45764953760886484,1150.0
-0.45764953760886484,-0.45764953760886484,-0.1971544646286257,1.6225681103507714,-0.45764953760886473,0.9144002910508762,-0.3281938781954602,-0.6132153437832747,-0.6132153437832747,-0.45764953760886484,1974.0
-0.45764953760886484,-0.45764953760886484,-0.1971544646286257,1.6225681103507714,-0.45764953760886473,0.9144002910508762,-0.9649309422421835,-0.6132153437832747,-0.6132153437832747,-0.45764953760886484,1275.0
-0.45764953760886484,-0.45764953760886484,1.0377915792989507,-0.6163069479923508,-0.45764953760886473,-1.1022896931728068,-0.9278721713188293,-0.6132153437832747,-0.6132153437832747,-0.45764953760886484,1791.0
-0.45764953760886484,-0.45764953760886484,-0.2127533665117425,-0.6163069479923508,-0.45764953760886473,0.8998995296041937,-1.4871227143439936,1.6307484966544228,1.6307484966544228,-0.45764953760886484,1216.0
-0.45764953760886484,-0.45764953760886484,-0.2127533665117425,-0.6163069479923508,-0.45764953760886473,0.8998995296041937,0.4803611237686328,1.6307484966544228,1.6307484966544228,-0.45764953760886484,2329.0
2.1850781391035974,2.1850781391035974,1.0770410993524973,-0.6163069479923508,2.1850781391035974,-1.1022896931728068,-0.004771877409823006,-0.6132153437832747,-0.6132153437832747,2.1850781391035974,1400.0
-0.45764953760886484,-0.45764953760886484,-0.2127533665117425,-0.6163069479923508,-0.45764953760886473,0.8998995296041937,-1.099690109236199,1.6307484966544228,1.6307484966544228,-0.45764953760886484,1555.0
2.1850781391035974,2.1850781391035974,1.0770410993524973,-0.6163069479923508,2.1850781391035974,-1.1022896931728068,-0.15300696110324005,-0.6132153437832747,-0.6132153437832747,2.1850781391035974,1645.0
-0.45764953760886484,-0.45764953760886484,-0.1971544646286257,1.6225681103507714,-0.45764953760886473,0.9144002910508762,-1.005358692340388,-0.6132153437832747,-0.6132153437832747,-0.45764953760886484,1750.0
-0.45764953760886484,-0.45764953760886484,-0.2127533665117425,-0.6163069479923508,-0.45764953760886473,0.8998995296041937,0.7835692495051677,1.6307484966544228,1.6307484966544228,-0.45764953760886484,1469.0
-0.45764953760886484,-0.45764953760886484,-0.2127533665117425,-0.6163069479923508,-0.45764953760886473,0.8998995296041937,1.3192369383063793,1.6307484966544228,1.6307484966544228,-0.45764953760886484,1310.0
-0.45764953760886484,-0.45764953760886484,1.0377915792989507,-0.6163069479923508,-0.45764953760886473,-1.1022896931728068,-0.3281938781954602,-0.6132153437832747,-0.6132153437832747,-0.45764953760886484,1561.0
-0.45764953760886484,-0.45764953760886484,-2.3503862001637854,-0.6163069479923508,-0.45764953760886473,-1.1022896931728068,0.35570889429916847,-0.6132153437832747,-0.6132153437832747,-0.45764953760886484,1365.0
-0.45764953760886484,-0.45764953760886484,-0.2127533665117425,-0.6163069479923508,-0.45764953760886473,0.8998995296041937,1.9728188982273547,1.6307484966544228,1.6307484966544228,-0.45764953760886484,2240.0
2.1850781391035974,2.1850781391035974,1.0770410993524973,-0.6163069479923508,2.1850781391035974,-1.1022896931728068,0.47025418624408166,-0.6132153437832747,-0.6132153437832747,2.1850781391035974,1275.0
-0.45764953760886484,-0.45764953760886484,-0.1971544646286257,1.6225681103507714,-0.45764953760886473,0.9144002910508762,-0.8268027960733176,-0.6132153437832747,-0.6132153437832747,-0.45764953760886484,1296.0
-0.45764953760886484,-0.45764953760886484,-0.1971544646286257,1.6225681103507714,-0.45764953760886473,0.9144002910508762,-1.0693692966625454,-0.6132153437832747,-0.6132153437832747,-0.45764953760886484,1070.0
-0.45764953760886484,-0.45764953760886484,-0.2127533665117425,-0.6163069479923508,-0.45764953760886473,0.8998995296041937,-0.9211342129691285,1.6307484966544228,1.6307484966544228,-0.45764953760886484,1140.0
-0.45764953760886484,-0.45764953760886484,-0.2127533665117425,-0.6163069479923508,-0.45764953760886473,0.8998995296041937,0.06260770608718474,1.6307484966544228,1.6307484966544228,-0.45764953760886484,991.0
-0.45764953760886484,-0.45764953760886484,-2.3503862001637854,-0.6163069479923508,-0.45764953760886473,-1.1022896931728068,0.5376337697410895,-0.6132153437832747,-0.6132153437832747,-0.45764953760886484,1375.0
-0.45764953760886484,-0.45764953760886484,1.0377915792989507,-0.6163069479923508,-0.45764953760886473,-1.1022896931728068,-0.29113510727210595,-0.6132153437832747,-0.6132153437832747,-0.45764953760886484,1187.0
-0.45764953760886484,-0.45764953760886484,-0.2127533665117425,-0.6163069479923508,-0.45764953760886473,0.8998995296041937,0.35570889429916847,1.6307484966544228,1.6307484966544228,-0.45764953760886484,1175.0
2.1850781391035974,2.1850781391035974,1.0770410993524973,-0.6163069479923508,2.1850781391035974,-1.1022896931728068,0.28832931080216073,-0.6132153437832747,-0.6132153437832747,2.1850781391035974,2084.0
-0.45764953760886484,-0.45764953760886484,-0.2127533665117425,-0.6163069479923508,-0.45764953760886473,0.8998995296041937,1.7470972935123785,1.6307484966544228,1.6307484966544228,-0.45764953760886484,1418.0
-0.45764953760886484,-0.45764953760886484,-0.2127533665117425,-0.6163069479923508,-0.45764953760886473,0.8998995296041937,-1.1906525469571594,1.6307484966544228,1.6307484966544228,-0.45764953760886484,1180.0
-0.45764953760886484,-0.45764953760886484,-0.1971544646286257,1.6225681103507714,-0.45764953760886473,0.9144002910508762,-1.005358692340388,-0.6132153437832747,-0.6132153437832747,-0.45764953760886484,1621.0
-0.45764953760886484,-0.45764953760886484,-0.2127533665117425,-0.6163069479923508,-0.45764953760886473,0.8998995296041937,-1.133379900984703,1.6307484966544228,1.6307484966544228,-0.45764953760886484,1600.0
-0.45764953760886484,-0.45764953760886484,-0.2127533665117425,-0.6163069479923508,-0.45764953760886473,0.8998995296041937,-1.291721922202671,1.6307484966544228,1.6307484966544228,-0.45764953760886484,1011.0
-0.45764953760886484,-0.45764953760886484,-0.2127533665117425,-0.6163069479923508,-0.45764953760886473,0.8998995296041937,-1.2580321304541673,1.6307484966544228,1.6307484966544228,-0.45764953760886484,1110.0
-0.45764953760886484,-0.45764953760886484,1.0377915792989507,-0.6163069479923508,-0.45764953760886473,-1.1022896931728068,0.5005749988177352,-0.6132153437832747,-0.6132153437832747,-0.45764953760886484,760.0
-0.45764953760886484,-0.45764953760886484,-0.1971544646286257,1.6225681103507714,-0.45764953760886473,0.9144002910508762,1.5786483347698592,-0.6132153437832747,-0.6132153437832747,-0.45764953760886484,1375.0
-0.45764953760886484,-0.45764953760886484,-0.2127533665117425,-0.6163069479923508,-0.45764953760886473,0.8998995296041937,-1.4399570058960882,1.6307484966544228,1.6307484966544228,-0.45764953760886484,1340.0
-0.45764953760886484,-0.45764953760886484,1.0377915792989507,-0.6163069479923508,-0.45764953760886473,-1.1022896931728068,-0.24060041964935014,-0.6132153437832747,-0.6132153437832747,-0.45764953760886484,1520.0
-0.45764953760886484,-0.45764953760886484,-0.1971544646286257,1.6225681103507714,-0.45764953760886473,0.9144002910508762,-0.9682999214170339,-0.6132153437832747,-0.6132153437832747,-0.45764953760886484,1411.0
-0.45764953760886484,-0.45764953760886484,-0.2127533665117425,-0.6163069479923508,-0.45764953760886473,0.8998995296041937,0.7903072078548685,1.6307484966544228,1.6307484966544228,-0.45764953760886484,2736.0
-0.45764953760886484,-0.45764953760886484,-0.2127533665117425,-0.6163069479923508,-0.45764953760886473,0.8998995296041937,-1.02220358821464,1.6307484966544228,1.6307484966544228,-0.45764953760886484,1680.0
2.1850781391035974,2.1850781391035974,1.0770410993524973,-0.6163069479923508,2.1850781391035974,-1.1022896931728068,-0.8571236086469711,-0.6132153437832747,-0.6132153437832747,2.1850781391035974,1035.0
-0.45764953760886484,-0.45764953760886484,-0.1971544646286257,1.6225681103507714,-0.45764953760886473,0.9144002910508762,-0.6886746499044517,-0.6132153437832747,-0.6132153437832747,-0.45764953760886484,1360.0
2.1850781391035974,2.1850781391035974,1.0770410993524973,-0.6163069479923508,2.1850781391035974,-1.1022896931728068,0.7195586451830104,-0.6132153437832747,-0.6132153437832747,2.1850781391035974,2929.0
-0.45764953760886484,-0.45764953760886484,-0.1971544646286257,1.6225681103507714,-0.45764953760886473,0.9144002910508762,-0.6516158789810974,-0.6132153437832747,-0.6132153437832747,-0.45764953760886484,1502.0
2.1850781391035974,2.1850781391035974,1.0770410993524973,-0.6163069479923508,2.1850781391035974,-1.1022896931728068,0.820628020428522,-0.6132153437832747,-0.6132153437832747,2.1850781391035974,1488.0
-0.45764953760886484,-0.45764953760886484,-0.1971544646286257,1.6225681103507714,-0.45764953760886473,0.9144002910508762,1.5786483347698592,-0.6132153437832747,-0.6132153437832747,-0.45764953760886484,1490.0
-0.45764953760886484,-0.45764953760886484,-2.3503862001637854,-0.6163069479923508,-0.45764953760886473,-1.1022896931728068,1.3091300007818283,-0.6132153437832747,-0.6132153437832747,-0.45764953760886484,2525.0
-0.45764953760886484,-0.45764953760886484,-0.1971544646286257,1.6225681103507714,-0.45764953760886473,0.9144002910508762,-0.27429021139785403,-0.6132153437832747,-0.6132153437832747,-0.45764953760886484,1255.0
-0.45764953760886484,-0.45764953760886484,1.0377915792989507,-0.6163069479923508,-0.45764953760886473,-1.1022896931728068,0.27148441492790876,-0.6132153437832747,-0.6132153437832747,-0.45764953760886484,1725.0
-0.45764953760886484,-0.45764953760886484,-0.2127533665117425,-0.6163069479923508,-0.45764953760886473,0.8998995296041937,-0.37199060746851526,1.6307484966544228,1.6307484966544228,-0.45764953760886484,1443.0
-0.45764953760886484,-0.45764953760886484,1.0377915792989507,-0.6163069479923508,-0.45764953760886473,-1.1022896931728068,0.06260770608718474,-0.6132153437832747,-0.6132153437832747,-0.45764953760886484,1210.0
-0.45764953760886484,-0.45764953760886484,-0.1971544646286257,1.6225681103507714,-0.45764953760886473,0.9144002910508762,-1.3793153807487812,-0.6132153437832747,-0.6132153437832747,-0.45764953760886484,1409.0
-0.45764953760886484,-0.45764953760886484,-0.2127533665117425,-0.6163069479923508,-0.45764953760886473,0.8998995296041937,1.349557750880033,1.6307484966544228,1.6307484966544228,-0.45764953760886484,1355.0
-0.45764953760886484,-0.45764953760886484,-2.3503862001637854,-0.6163069479923508,-0.45764953760886473,-1.1022896931728068,-0.4292632534409719,-0.6132153437832747,-0.6132153437832747,-0.45764953760886484,1500.0
-0.45764953760886484,-0.45764953760886484,1.0377915792989507,-0.6163069479923508,-0.45764953760886473,-1.1022896931728068,-0.5673913996098378,-0.6132153437832747,-0.6132153437832747,-0.45764953760886484,1260.0
-0.45764953760886484,-0.45764953760886484,-0.2127533665117425,-0.6163069479923508,-0.45764953760886473,0.8998995296041937,1.5382205846716546,1.6307484966544228,1.6307484966544228,-0.45764953760886484,1260.0
-0.45764953760886484,-0.45764953760886484,-0.2127533665117425,-0.6163069479923508,-0.45764953760886473,0.8998995296041937,-0.8773374836960735,1.6307484966544228,1.6307484966544228,-0.45764953760886484,1635.0
-0.45764953760886484,-0.45764953760886484,-2.3503862001637854,-0.6163069479923508,-0.45764953760886473,-1.1022896931728068,-0.5168567119870819,-0.6132153437832747,-0.6132153437832747,-0.45764953760886484,1536.0
-0.45764953760886484,-0.45764953760886484,-0.1971544646286257,1.6225681103507714,-0.45764953760886473,0.9144002910508762,1.2922851049075763,-0.6132153437832747,-0.6132153437832747,-0.45764953760886484,1220.0
-0.45764953760886484,-0.45764953760886484,-0.2127533665117425,-0.6163069479923508,-0.45764953760886473,0.8998995296041937,-0.7796370876254122,1.6307484966544228,1.6307484966544228,-0.45764953760886484,1272.0
-0.45764953760886484,-0.45764953760886484,1.0377915792989507,-0.6163069479923508,-0.45764953760886473,-1.1022896931728068,1.1878467504872143,-0.6132153437832747,-0.6132153437832747,-0.45764953760886484,3433.0
2.1850781391035974,2.1850781391035974,1.0770410993524973,-0.6163069479923508,2.1850781391035974,-1.1022896931728068,-0.9480860463679316,-0.6132153437832747,-0.6132153437832747,2.1850781391035974,810.0
2.1850781391035974,2.1850781391035974,1.0770410993524973,-0.6163069479923508,2.1850781391035974,-1.1022896931728068,-0.5606534412601369,-0.6132153437832747,-0.6132153437832747,2.1850781391035974,1230.0
2.1850781391035974,2.1850781391035974,1.0770410993524973,-0.6163069479923508,2.1850781391035974,-1.1022896931728068,0.7431414994069631,-0.6132153437832747,-0.6132153437832747,2.1850781391035974,2602.0
-0.45764953760886484,-0.45764953760886484,1.0377915792989507,-0.6163069479923508,-0.45764953760886473,-1.1022896931728068,-1.049155421613443,-0.6132153437832747,-0.6132153437832747,-0.45764953760886484,1738.0
-0.45764953760886484,-0.45764953760886484,1.0377915792989507,-0.6163069479923508,-0.45764953760886473,-1.1022896931728068,-1.1502247968589547,-0.6132153437832747,-0.6132153437832747,-0.45764953760886484,1740.0
-0.45764953760886484,-0.45764953760886484,-0.2127533665117425,-0.6163069479923508,-0.45764953760886473,0.8998995296041937,0.44667133202012893,1.6307484966544228,1.6307484966544228,-0.45764953760886484,2589.0
-0.45764953760886484,-0.45764953760886484,-0.1971544646286257,1.6225681103507714,-0.45764953760886473,0.9144002910508762,-0.43937019096552304,-0.6132153437832747,-0.6132153437832747,-0.45764953760886484,1165.0
-0.45764953760886484,-0.45764953760886484,-2.3503862001637854,-0.6163069479923508,-0.45764953760886473,-1.1022896931728068,0.23105666482970413,-0.6132153437832747,-0.6132153437832747,-0.45764953760886484,1450.0
-0.45764953760886484,-0.45764953760886484,-0.1971544646286257,1.6225681103507714,-0.45764953760886473,0.9144002910508762,-0.5909742538337904,-0.6132153437832747,-0.6132153437832747,-0.45764953760886484,1330.0
-0.45764953760886484,-0.45764953760886484,1.0377915792989507,-0.6163069479923508,-0.45764953760886473,-1.1022896931728068,0.4567782695446801,-0.6132153437832747,-0.6132153437832747,-0.45764953760886484,2155.0
-0.45764953760886484,-0.45764953760886484,-0.2127533665117425,-0.6163069479923508,-0.45764953760886473,0.8998995296041937,-1.1401178593344037,1.6307484966544228,1.6307484966544228,-0.45764953760886484,856.0
-0.45764953760886484,-0.45764953760886484,-0.1971544646286257,1.6225681103507714,-0.45764953760886473,0.9144002910508762,-0.6381399622816959,-0.6132153437832747,-0.6132153437832747,-0.45764953760886484,1509.0
-0.45764953760886484,-0.45764953760886484,1.0377915792989507,-0.6163069479923508,-0.45764953760886473,-1.1022896931728068,-0.7392093375272075,-0.6132153437832747,-0.6132153437832747,-0.45764953760886484,1166.0
-0.45764953760886484,-0.45764953760886484,-2.3503862001637854,-0.6163069479923508,-0.45764953760886473,-1.1022896931728068,0.9553871874225375,-0.6132153437832747,-0.6132153437832747,-0.45764953760886484,2450.0
-0.45764953760886484,-0.45764953760886484,-0.2127533665117425,-0.6163069479923508,-0.45764953760886473,0.8998995296041937,-1.2849839638529703,1.6307484966544228,1.6307484966544228,-0.45764953760886484,1328.0
-0.45764953760886484,-0.45764953760886484,1.0377915792989507,-0.6163069479923508,-0.45764953760886473,-1.1022896931728068,1.838059731233339,-0.6132153437832747,-0.6132153437832747,-0.45764953760886484,3063.0
-0.45764953760886484,-0.45764953760886484,-0.2127533665117425,-0.6163069479923508,-0.45764953760886473,0.8998995296041937,3.9605166113890835,1.6307484966544228,1.6307484966544228,-0.45764953760886484,1449.0
-0.45764953760886484,-0.45764953760886484,-0.2127533665117425,-0.6163069479923508,-0.45764953760886473,0.8998995296041937,0.6353341658117506,1.6307484966544228,1.6307484966544228,-0.45764953760886484,2399.0
-0.45764953760886484,-0.45764953760886484,-2.3503862001637854,-0.6163069479923508,-0.45764953760886473,-1.1022896931728068,-1.5477643394913005,-0.6132153437832747,-0.6132153437832747,-0.45764953760886484,1255.0
2.1850781391035974,2.1850781391035974,1.0770410993524973,-0.6163069479923508,2.1850781391035974,-1.1022896931728068,-0.32145591984575944,-0.6132153437832747,-0.6132153437832747,2.1850781391035974,1411.0
-0.45764953760886484,-0.45764953760886484,1.0377915792989507,-0.6163069479923508,-0.45764953760886473,-1.1022896931728068,-0.752685254226609,-0.6132153437832747,-0.6132153437832747,-0.45764953760886484,1114.0
-0.45764953760886484,-0.45764953760886484,-0.2127533665117425,-0.6163069479923508,-0.45764953760886473,0.8998995296041937,1.7908940227854335,1.6307484966544228,1.6307484966544228,-0.45764953760886484,2415.0
-0.45764953760886484,-0.45764953760886484,1.0377915792989507,-0.6163069479923508,-0.45764953760886473,-1.1022896931728068,-0.04519962750802766,-0.6132153437832747,-0.6132153437832747,-0.45764953760886484,1331.0
-0.45764953760886484,-0.45764953760886484,1.0377915792989507,-0.6163069479923508,-0.45764953760886473,-1.1022896931728068,-0.5977122121834912,-0.6132153437832747,-0.6132153437832747,-0.45764953760886484,1575.0
-0.45764953760886484,-0.45764953760886484,-2.3503862001637854,-0.6163069479923508,-0.45764953760886473,-1.1022896931728068,-0.8705995253463726,-0.6132153437832747,-0.6132153437832747,-0.45764953760886484,1736.0
-0.45764953760886484,-0.45764953760886484,-2.3503862001637854,-0.6163069479923508,-0.45764953760886473,-1.1022896931728068,0.5578476447901918,-0.6132153437832747,-0.6132153437832747,-0.45764953760886484,2993.0
-0.45764953760886484,-0.45764953760886484,-0.2127533665117425,-0.6163069479923508,-0.45764953760886473,0.8998995296041937,-0.43937019096552304,1.6307484966544228,1.6307484966544228,-0.45764953760886484,1169.0
2.1850781391035974,2.1850781391035974,1.0770410993524973,-0.6163069479923508,2.1850781391035974,-1.1022896931728068,0.6824998742596561,-0.6132153437832747,-0.6132153437832747,2.1850781391035974,1860.0
2.1850781391035974,2.1850781391035974,1.0770410993524973,-0.6163069479923508,2.1850781391035974,-1.1022896931728068,1.3360818341806313,-0.6132153437832747,-0.6132153437832747,2.1850781391035974,1945.0
-0.45764953760886484,-0.45764953760886484,1.0377915792989507,-0.6163069479923508,-0.45764953760886473,-1.1022896931728068,0.5443717280907902,-0.6132153437832747,-0.6132153437832747,-0.45764953760886484,1786.0
-0.45764953760886484,-0.45764953760886484,1.0377915792989507,-0.6163069479923508,-0.45764953760886473,-1.1022896931728068,-1.0693692966625454,-0.6132153437832747,-0.6132153437832747,-0.45764953760886484,1309.0
2.1850781391035974,2.1850781391035974,1.0770410993524973,-0.6163069479923508,2.1850781391035974,-1.1022896931728068,-1.2445562137547657,-0.6132153437832747,-0.6132153437832747,2.1850781391035974,935.0
2.1850781391035974,2.1850781391035974,1.0770410993524973,-0.6163069479923508,2.1850781391035974,-1.1022896931728068,-1.2108664220062617,-0.6132153437832747,-0.6132153437832747,2.1850781391035974,1307.0
-0.45764953760886484,-0.45764953760886484,1.0377915792989507,-0.6163069479923508,-0.45764953760886473,-1.1022896931728068,-0.7931130043248137,-0.6132153437832747,-0.6132153437832747,-0.45764953760886484,1151.0
-0.45764953760886484,-0.45764953760886484,-0.1971544646286257,1.6225681103507714,-0.45764953760886473,0.9144002910508762,-0.5202256911619323,-0.6132153437832747,-0.6132153437832747,-0.45764953760886484,1186.0
2.1850781391035974,2.1850781391035974,1.0770410993524973,-0.6163069479923508,2.1850781391035974,-1.1022896931728068,-1.2277113178805137,-0.6132153437832747,-0.6132153437832747,2.1850781391035974,1489.0
-0.45764953760886484,-0.45764953760886484,-2.3503862001637854,-0.6163069479923508,-0.45764953760886473,-1.1022896931728068,0.23105666482970413,-0.6132153437832747,-0.6132153437832747,-0.45764953760886484,865.0
-0.45764953760886484,-0.45764953760886484,-2.3503862001637854,-0.6163069479923508,-0.45764953760886473,-1.1022896931728068,0.45004031119497934,-0.6132153437832747,-0.6132153437832747,-0.45764953760886484,2858.0
-0.45764953760886484,-0.45764953760886484,1.0377915792989507,-0.6163069479923508,-0.45764953760886473,-1.1022896931728068,0.3624468526488693,-0.6132153437832747,-0.6132153437832747,-0.45764953760886484,1892.0
-0.45764953760886484,-0.45764953760886484,-0.1971544646286257,1.6225681103507714,-0.45764953760886473,0.9144002910508762,-0.2203865446002478,-0.6132153437832747,-0.6132153437832747,-0.45764953760886484,1734.0
-0.45764953760886484,-0.45764953760886484,-2.3503862001637854,-0.6163069479923508,-0.45764953760886473,-1.1022896931728068,-1.2243423387056633,-0.6132153437832747,-0.6132153437832747,-0.45764953760886484,1845.0
2.1850781391035974,2.1850781391035974,1.0770410993524973,-0.6163069479923508,2.1850781391035974,-1.1022896931728068,-0.4663220243643261,-0.6132153437832747,-0.6132153437832747,2.1850781391035974,1175.0
-0.45764953760886484,-0.45764953760886484,-0.1971544646286257,1.6225681103507714,-0.45764953760886473,0.9144002910508762,1.3192369383063793,-0.6132153437832747,-0.6132153437832747,-0.45764953760886484,1340.0
-0.45764953760886484,-0.45764953760886484,-0.2127533665117425,-0.6163069479923508,-0.45764953760886473,0.8998995296041937,1.0530875834931988,1.6307484966544228,1.6307484966544228,-0.45764953760886484,1560.0
-0.45764953760886484,-0.45764953760886484,-0.2127533665117425,-0.6163069479923508,-0.45764953760886473,0.8998995296041937,1.0328737084440964,1.6307484966544228,1.6307484966544228,-0.45764953760886484,1524.0
-0.45764953760886484,-0.45764953760886484,-0.2127533665117425,-0.6163069479923508,-0.45764953760886473,0.8998995296041937,-0.16311389862779122,1.6307484966544228,1.6307484966544228,-0.45764953760886484,1255.0
2.1850781391035974,2.1850781391035974,1.0770410993524973,-0.6163069479923508,2.1850781391035974,-1.1022896931728068,-0.4494771284900742,-0.6132153437832747,-0.6132153437832747,2.1850781391035974,1289.0
-0.45764953760886484,-0.45764953760886484,1.0377915792989507,-0.6163069479923508,-0.45764953760886473,-1.1022896931728068,-0.4764289618888773,-0.6132153437832747,-0.6132153437832747,-0.45764953760886484,1760.0
-0.45764953760886484,-0.45764953760886484,-2.3503862001637854,-0.6163069479923508,-0.45764953760886473,-1.1022896931728068,-0.6314020039319951,-0.6132153437832747,-0.6132153437832747,-0.45764953760886484,1230.0
-0.45764953760886484,-0.45764953760886484,-0.2127533665117425,-0.6163069479923508,-0.45764953760886473,0.8998995296041937,1.3192369383063793,1.6307484966544228,1.6307484966544228,-0.45764953760886484,1325.0
-0.45764953760886484,-0.45764953760886484,1.0377915792989507,-0.6163069479923508,-0.45764953760886473,-1.1022896931728068,0.9890769791710413,-0.6132153437832747,-0.6132153437832747,-0.45764953760886484,2168.0
-0.45764953760886484,-0.45764953760886484,-0.1971544646286257,1.6225681103507714,-0.45764953760886473,0.9144002910508762,-0.8571236086469711,-0.6132153437832747,-0.6132153437832747,-0.45764953760886484,1660.0
2.1850781391035974,2.1850781391035974,1.0770410993524973,-0.6163069479923508,2.1850781391035974,-1.1022896931728068,0.507312957167436,-0.6132153437832747,-0.6132153437832747,2.1850781391035974,2405.0
-0.45764953760886484,-0.45764953760886484,-0.1971544646286257,1.6225681103507714,-0.45764953760886473,0.9144002910508762,0.7835692495051677,-0.6132153437832747,-0.6132153437832747,-0.45764953760886484,1419.0
-0.45764953760886484,-0.45764953760886484,-2.3503862001637854,-0.6163069479923508,-0.45764953760886473,-1.1022896931728068,0.19736687308120027,-0.6132153437832747,-0.6132153437832747,-0.45764953760886484,1799.0
2.1850781391035974,2.1850781391035974,1.0770410993524973,-0.6163069479923508,2.1850781391035974,-1.1022896931728068,-0.4258942742661215,-0.6132153437832747,-0.6132153437832747,2.1850781391035974,1301.0
-0.45764953760886484,-0.45764953760886484,-0.1971544646286257,1.6225681103507714,-0.45764953760886473,0.9144002910508762,0.30517420667641265,-0.6132153437832747,-0.6132153437832747,-0.45764953760886484,1552.0
-0.45764953760886484,-0.45764953760886484,1.0377915792989507,-0.6163069479923508,-0.45764953760886473,-1.1022896931728068,-1.012096650690089,-0.6132153437832747,-0.6132153437832747,-0.45764953760886484,1125.0
-0.45764953760886484,-0.45764953760886484,1.0377915792989507,-0.6163069479923508,-0.45764953760886473,-1.1022896931728068,-1.4534329225954896,-0.6132153437832747,-0.6132153437832747,-0.45764953760886484,1210.0
-0.45764953760886484,-0.45764953760886484,-2.3503862001637854,-0.6163069479923508,-0.45764953760886473,-1.1022896931728068,-0.8807064628709238,-0.6132153437832747,-0.6132153437832747,-0.45764953760886484,1435.0
-0.45764953760886484,-0.45764953760886484,-0.2127533665117425,-0.6163069479923508,-0.45764953760886473,0.8998995296041937,-0.9278721713188293,1.6307484966544228,1.6307484966544228,-0.45764953760886484,867.0
-0.45764953760886484,-0.45764953760886484,-0.1971544646286257,1.6225681103507714,-0.45764953760886473,0.9144002910508762,-0.9245031921439788,-0.6132153437832747,-0.6132153437832747,-0.45764953760886484,1950.0
-0.45764953760886484,-0.45764953760886484,1.0377915792989507,-0.6163069479923508,-0.45764953760886473,-1.1022896931728068,-1.204128463656561,-0.6132153437832747,-0.6132153437832747,-0.45764953760886484,1288.0
-0.45764953760886484,-0.45764953760886484,-0.2127533665117425,-0.6163069479923508,-0.45764953760886473,0.8998995296041937,-0.5337016078613339,1.6307484966544228,1.6307484966544228,-0.45764953760886484,1268.0
2.1850781391035974,2.1850781391035974,1.0770410993524973,-0.6163069479923508,2.1850781391035974,-1.1022896931728068,0.9486492290728367,-0.6132153437832747,-0.6132153437832747,2.1850781391035974,2426.0
-0.45764953760886484,-0.45764953760886484,-0.2127533665117425,-0.6163069479923508,-0.45764953760886473,0.8998995296041937,1.23838143810997,1.6307484966544228,1.6307484966544228,-0.45764953760886484,1585.0
2.1850781391035974,2.1850781391035974,1.0770410993524973,-0.6163069479923508,2.1850781391035974,-1.1022896931728068,0.264746456578208,-0.6132153437832747,-0.6132153437832747,2.1850781391035974,1299.0
-0.45764953760886484,-0.45764953760886484,-0.1971544646286257,1.6225681103507714,-0.45764953760886473,0.9144002910508762,0.8105210829039708,-0.6132153437832747,-0.6132153437832747,-0.45764953760886484,1370.0
-0.45764953760886484,-0.45764953760886484,1.0377915792989507,-0.6163069479923508,-0.45764953760886473,-1.1022896931728068,-0.09573431513078347,-0.6132153437832747,-0.6132153437832747,-0.45764953760886484,1586.0
2.1850781391035974,2.1850781391035974,1.0770410993524973,-0.6163069479923508,2.1850781391035974,-1.1022896931728068,-0.04519962750802766,-0.6132153437832747,-0.6132153437832747,2.1850781391035974,1139.0
-0.45764953760886484,-0.45764953760886484,-0.1971544646286257,1.6225681103507714,-0.45764953760886473,0.9144002910508762,-0.8571236086469711,-0.6132153437832747,-0.6132153437832747,-0.45764953760886484,1680.0
-0.45764953760886484,-0.45764953760886484,-0.1971544646286257,1.6225681103507714,-0.45764953760886473,0.9144002910508762,-0.7796370876254122,-0.6132153437832747,-0.6132153437832747,-0.45764953760886484,1299.0
-0.45764953760886484,-0.45764953760886484,-0.1971544646286257,1.6225681103507714,-0.45764953760886473,0.9144002910508762,-1.4163741516721355,-0.6132153437832747,-0.6132153437832747,-0.45764953760886484,787.0
-0.45764953760886484,-0.45764953760886484,1.0377915792989507,-0.6163069479923508,-0.45764953760886473,-1.1022896931728068,-0.7796370876254122,-0.6132153437832747,-0.6132153437832747,-0.45764953760886484,1235.0
-0.45764953760886484,-0.45764953760886484,1.0377915792989507,-0.6163069479923508,-0.45764953760886473,-1.1022896931728068,-0.16311389862779122,-0.6132153437832747,-0.6132153437832747,-0.45764953760886484,1200.0
2.1850781391035974,2.1850781391035974,1.0770410993524973,-0.6163069479923508,2.1850781391035974,-1.1022896931728068,0.5140509155171367,-0.6132153437832747,-0.6132153437832747,2.1850781391035974,1520.0
-0.45764953760886484,-0.45764953760886484,-2.3503862001637854,-0.6163069479923508,-0.45764953760886473,-1.1022896931728068,0.04239383103808242,-0.6132153437832747,-0.6132153437832747,-0.45764953760886484,2540.0
2.1850781391035974,2.1850781391035974,1.0770410993524973,-0.6163069479923508,2.1850781391035974,-1.1022896931728068,-0.2203865446002478,-0.6132153437832747,-0.6132153437832747,2.1850781391035974,1375.0
-0.45764953760886484,-0.45764953760886484,-0.1971544646286257,1.6225681103507714,-0.45764953760886473,0.9144002910508762,-0.7897440251499633,-0.6132153437832747,-0.6132153437832747,-0.45764953760886484,1335.0
-0.45764953760886484,-0.45764953760886484,-0.2127533665117425,-0.6163069479923508,-0.45764953760886473,0.8998995296041937,1.255226333984222,1.6307484966544228,1.6307484966544228,-0.45764953760886484,1783.0
-0.45764953760886484,-0.45764953760886484,-0.1971544646286257,1.6225681103507714,-0.45764953760886473,0.9144002910508762,-0.6549848581559479,-0.6132153437832747,-0.6132153437832747,-0.45764953760886484,1230.0
-0.45764953760886484,-0.45764953760886484,-0.1971544646286257,1.6225681103507714,-0.45764953760886473,0.9144002910508762,1.23838143810997,-0.6132153437832747,-0.6132153437832747,-0.45764953760886484,2455.0
-0.45764953760886484,-0.45764953760886484,-0.2127533665117425,-0.6163069479923508,-0.45764953760886473,0.8998995296041937,-1.3961602766230332,1.6307484966544228,1.6307484966544228,-0.45764953760886484,1130.0
-0.45764953760886484,-0.45764953760886484,-0.1971544646286257,1.6225681103507714,-0.45764953760886473,0.9144002910508762,-0.5909742538337904,-0.6132153437832747,-0.6132153437832747,-0.45764953760886484,1059.0
-0.45764953760886484,-0.45764953760886484,-0.2127533665117425,-0.6163069479923508,-0.45764953760886473,0.8998995296041937,-1.0693692966625454,1.6307484966544228,1.6307484966544228,-0.45764953760886484,1401.0
-0.45764953760886484,-0.45764953760886484,-0.1971544646286257,1.6225681103507714,-0.45764953760886473,0.9144002910508762,1.0261357500943957,-0.6132153437832747,-0.6132153437832747,-0.45764953760886484,770.0
-0.45764953760886484,-0.45764953760886484,-2.3503862001637854,-0.6163069479923508,-0.45764953760886473,-1.1022896931728068,0.2950672691518615,-0.6132153437832747,-0.6132153437832747,-0.45764953760886484,1648.0
-0.45764953760886484,-0.45764953760886484,-0.2127533665117425,-0.6163069479923508,-0.45764953760886473,0.8998995296041937,0.5847994781889948,1.6307484966544228,1.6307484966544228,-0.45764953760886484,1291.0
2.1850781391035974,2.1850781391035974,1.0770410993524973,-0.6163069479923508,2.1850781391035974,-1.1022896931728068,-0.5303326286864835,-0.6132153437832747,-0.6132153437832747,2.1850781391035974,1265.0
2.1850781391035974,2.1850781391035974,1.0770410993524973,-0.6163069479923508,2.1850781391035974,-1.1022896931728068,-0.752685254226609,-0.6132153437832747,-0.6132153437832747,2.1850781391035974,1465.0
-0.45764953760886484,-0.45764953760886484,-0.1971544646286257,1.6225681103507714,-0.45764953760886473,0.9144002910508762,1.2754402090333243,-0.6132153437832747,-0.6132153437832747,-0.45764953760886484,1553.0
2.1850781391035974,2.1850781391035974,1.0770410993524973,-0.6163069479923508,2.1850781391035974,-1.1022896931728068,-0.7459472958769083,-0.6132153437832747,-0.6132153437832747,2.1850781391035974,1487.0
-0.45764953760886484,-0.45764953760886484,-0.1971544646286257,1.6225681103507714,-0.45764953760886473,0.9144002910508762,0.17041503968239716,-0.6132153437832747,-0.6132153437832747,-0.45764953760886484,660.0
2.1850781391035974,2.1850781391035974,1.0770410993524973,-0.6163069479923508,2.1850781391035974,-1.1022896931728068,-0.4258942742661215,-0.6132153437832747,-0.6132153437832747,2.1850781391035974,1969.0
-0.45764953760886484,-0.45764953760886484,-0.1971544646286257,1.6225681103507714,-0.45764953760886473,0.9144002910508762,-0.5235946703367828,-0.6132153437832747,-0.6132153437832747,-0.45764953760886484,1400.0
-0.45764953760886484,-0.45764953760886484,1.0377915792989507,-0.6163069479923508,-0.45764953760886473,-1.1022896931728068,-0.8773374836960735,-0.6132153437832747,-0.6132153437832747,-0.45764953760886484,1110.0
-0.45764953760886484,-0.45764953760886484,1.0377915792989507,-0.6163069479923508,-0.45764953760886473,-1.1022896931728068,1.0362426876189468,-0.6132153437832747,-0.6132153437832747,-0.45764953760886484,1949.0
-0.45764953760886484,-0.45764953760886484,-0.1971544646286257,1.6225681103507714,-0.45764953760886473,0.9144002910508762,1.9290221689542995,-0.6132153437832747,-0.6132153437832747,-0.45764953760886484,1648.0
-0.45764953760886484,-0.45764953760886484,-0.1971544646286257,1.6225681103507714,-0.45764953760886473,0.9144002910508762,-0.15300696110324005,-0.6132153437832747,-0.6132153437832747,-0.45764953760886484,1549.0
-0.45764953760886484,-0.45764953760886484,-0.2127533665117425,-0.6163069479923508,-0.45764953760886473,0.8998995296041937,-0.9480860463679316,1.6307484966544228,1.6307484966544228,-0.45764953760886484,1275.0
2.1850781391035974,2.1850781391035974,1.0770410993524973,-0.6163069479923508,2.1850781391035974,-1.1022896931728068,0.9654941249470886,-0.6132153437832747,-0.6132153437832747,2.1850781391035974,2015.0
-0.45764953760886484,-0.45764953760886484,-2.3503862001637854,-0.6163069479923508,-0.45764953760886473,-1.1022896931728068,1.2855471465578754,-0.6132153437832747,-0.6132153437832747,-0.45764953760886484,1905.0
-0.45764953760886484,-0.45764953760886484,-0.2127533665117425,-0.6163069479923508,-0.45764953760886473,0.8998995296041937,-0.6853056707296014,1.6307484966544228,1.6307484966544228,-0.45764953760886484,1370.0
-0.45764953760886484,-0.45764953760886484,-0.1971544646286257,1.6225681103507714,-0.45764953760886473,0.9144002910508762,-0.8705995253463726,-0.6132153437832747,-0.6132153437832747,-0.45764953760886484,1675.0
-0.45764953760886484,-0.45764953760886484,-0.2127533665117425,-0.6163069479923508,-0.45764953760886473,0.8998995296041937,-1.0323105257391914,1.6307484966544228,1.6307484966544228,-0.45764953760886484,1578.0
-0.45764953760886484,-0.45764953760886484,-0.2127533665117425,-0.6163069479923508,-0.45764953760886473,0.8998995296041937,-0.004771877409823006,1.6307484966544228,1.6307484966544228,-0.45764953760886484,1285.0
-0.45764953760886484,-0.45764953760886484,1.0377915792989507,-0.6163069479923508,-0.45764953760886473,-1.1022896931728068,0.5544786656153413,-0.6132153437832747,-0.6132153437832747,-0.45764953760886484,1280.0
-0.45764953760886484,-0.45764953760886484,1.0377915792989507,-0.6163069479923508,-0.45764953760886473,-1.1022896931728068,-1.1738076510829076,-0.6132153437832747,-0.6132153437832747,-0.45764953760886484,1360.0
-0.45764953760886484,-0.45764953760886484,-2.3503862001637854,-0.6163069479923508,-0.45764953760886473,-1.1022896931728068,-0.8268027960733176,-0.6132153437832747,-0.6132153437832747,-0.45764953760886484,1368.0
-0.45764953760886484,-0.45764953760886484,1.0377915792989507,-0.6163069479923508,-0.45764953760886473,-1.1022896931728068,0.5140509155171367,-0.6132153437832747,-0.6132153437832747,-0.45764953760886484,1995.0
-0.45764953760886484,-0.45764953760886484,-2.3503862001637854,-0.6163069479923508,-0.45764953760886473,-1.1022896931728068,0.5106819363422863,-0.6132153437832747,-0.6132153437832747,-0.45764953760886484,1809.0
-0.45764953760886484,-0.45764953760886484,-0.1971544646286257,1.6225681103507714,-0.45764953760886473,0.9144002910508762,-2.464126675050606,-0.6132153437832747,-0.6132153437832747,-0.45764953760886484,805.0
2.1850781391035974,2.1850781391035974,1.0770410993524973,-0.6163069479923508,2.1850781391035974,-1.1022896931728068,0.17715299803209794,-0.6132153437832747,-0.6132153437832747,2.1850781391035974,2446.0
-0.45764953760886484,-0.45764953760886484,-0.1971544646286257,1.6225681103507714,-0.45764953760886473,0.9144002910508762,-0.7796370876254122,-0.6132153437832747,-0.6132153437832747,-0.45764953760886484,1177.0
-0.45764953760886484,-0.45764953760886484,-0.1971544646286257,1.6225681103507714,-0.45764953760886473,0.9144002910508762,-0.6111881288828928,-0.6132153437832747,-0.6132153437832747,-0.45764953760886484,1140.0
-0.45764953760886484,-0.45764953760886484,-0.2127533665117425,-0.6163069479923508,-0.45764953760886473,0.8998995296041937,0.5207888738668375,1.6307484966544228,1.6307484966544228,-0.45764953760886484,1959.0
-0.45764953760886484,-0.45764953760886484,-0.2127533665117425,-0.6163069479923508,-0.45764953760886473,0.8998995296041937,-0.43937019096552304,1.6307484966544228,1.6307484966544228,-0.45764953760886484,1255.0
-0.45764953760886484,-0.45764953760886484,-0.2127533665117425,-0.6163069479923508,-0.45764953760886473,0.8998995296041937,-1.0087276715152385,1.6307484966544228,1.6307484966544228,-0.45764953760886484,1525.0
-0.45764953760886484,-0.45764953760886484,-0.1971544646286257,1.6225681103507714,-0.45764953760886473,0.9144002910508762,1.2922851049075763,-0.6132153437832747,-0.6132153437832747,-0.45764953760886484,1220.0
-0.45764953760886484,-0.45764953760886484,-0.2127533665117425,-0.6163069479923508,-0.45764953760886473,0.8998995296041937,-1.1839145886074587,1.6307484966544228,1.6307484966544228,-0.45764953760886484,1390.0
-0.45764953760886484,-0.45764953760886484,-2.3503862001637854,-0.6163069479923508,-0.45764953760886473,-1.1022896931728068,-0.9480860463679316,-0.6132153437832747,-0.6132153437832747,-0.45764953760886484,1000.0
-0.45764953760886484,-0.45764953760886484,-0.2127533665117425,-0.6163069479923508,-0.45764953760886473,0.8998995296041937,0.5847994781889948,1.6307484966544228,1.6307484966544228,-0.45764953760886484,1215.0
-0.45764953760886484,-0.45764953760886484,-0.1971544646286257,1.6225681103507714,-0.45764953760886473,0.9144002910508762,-2.1272287575655673,-0.6132153437832747,-0.6132153437832747,-0.45764953760886484,1299.0
-0.45764953760886484,-0.45764953760886484,-0.2127533665117425,-0.6163069479923508,-0.45764953760886473,0.8998995296041937,1.0530875834931988,1.6307484966544228,1.6307484966544228,-0.45764953760886484,1515.0
-0.45764953760886484,-0.45764953760886484,1.0377915792989507,-0.6163069479923508,-0.45764953760886473,-1.1022896931728068,1.0227667709195452,-0.6132153437832747,-0.6132153437832747,-0.45764953760886484,1653.0
2.1850781391035974,2.1850781391035974,1.0770410993524973,-0.6163069479923508,2.1850781391035974,-1.1022896931728068,0.28832931080216073,-0.6132153437832747,-0.6132153437832747,2.1850781391035974,2047.0
-0.45764953760886484,-0.45764953760886484,-0.1971544646286257,1.6225681103507714,-0.45764953760886473,0.9144002910508762,1.0025528958704428,-0.6132153437832747,-0.6132153437832747,-0.45764953760886484,2159.0
-0.45764953760886484,-0.45764953760886484,-0.1971544646286257,1.6225681103507714,-0.45764953760886473,0.9144002910508762,0.5140509155171367,-0.6132153437832747,-0.6132153437832747,-0.45764953760886484,1590.0
-0.45764953760886484,-0.45764953760886484,1.0377915792989507,-0.6163069479923508,-0.45764953760886473,-1.1022896931728068,0.2984362483267119,-0.6132153437832747,-0.6132153437832747,-0.45764953760886484,1735.0
-0.45764953760886484,-0.45764953760886484,-0.2127533665117425,-0.6163069479923508,-0.45764953760886473,0.8998995296041937,0.5645856031398925,1.6307484966544228,1.6307484966544228,-0.45764953760886484,1225.0
-0.45764953760886484,-0.45764953760886484,-0.1971544646286257,1.6225681103507714,-0.45764953760886473,0.9144002910508762,-0.9245031921439788,-0.6132153437832747,-0.6132153437832747,-0.45764953760886484,1895.0
-0.45764953760886484,-0.45764953760886484,-2.3503862001637854,-0.6163069479923508,-0.45764953760886473,-1.1022896931728068,-0.9480860463679316,-0.6132153437832747,-0.6132153437832747,-0.45764953760886484,1255.0
-0.45764953760886484,-0.45764953760886484,-0.1971544646286257,1.6225681103507714,-0.45764953760886473,0.9144002910508762,-0.15974491945294084,-0.6132153437832747,-0.6132153437832747,-0.45764953760886484,1515.0
2.1850781391035974,2.1850781391035974,1.0770410993524973,-0.6163069479923508,2.1850781391035974,-1.1022896931728068,0.9351733123734352,-0.6132153437832747,-0.6132153437832747,2.1850781391035974,1785.0
-0.45764953760886484,-0.45764953760886484,-0.2127533665117425,-0.6163069479923508,-0.45764953760886473,0.8998995296041937,-0.9480860463679316,1.6307484966544228,1.6307484966544228,-0.45764953760886484,895.0
-0.45764953760886484,-0.45764953760886484,-0.1971544646286257,1.6225681103507714,-0.45764953760886473,0.9144002910508762,1.2956540840824267,-0.6132153437832747,-0.6132153437832747,-0.45764953760886484,2385.0
-0.45764953760886484,-0.45764953760886484,-0.2127533665117425,-0.6163069479923508,-0.45764953760886473,0.8998995296041937,-0.8099579001990657,1.6307484966544228,1.6307484966544228,-0.45764953760886484,1439.0
-0.45764953760886484,-0.45764953760886484,-0.1971544646286257,1.6225681103507714,-0.45764953760886473,0.9144002910508762,-1.0255725673894904,-0.6132153437832747,-0.6132153437832747,-0.45764953760886484,1320.0
-0.45764953760886484,-0.45764953760886484,-0.2127533665117425,-0.6163069479923508,-0.45764953760886473,0.8998995296041937,2.0839952109974176,1.6307484966544228,1.6307484966544228,-0.45764953760886484,1425.0
-0.45764953760886484,-0.45764953760886484,-0.1971544646286257,1.6225681103507714,-0.45764953760886473,0.9144002910508762,-1.4601708809451905,-0.6132153437832747,-0.6132153437832747,-0.45764953760886484,1595.0
-0.45764953760886484,-0.45764953760886484,-0.2127533665117425,-0.6163069479923508,-0.45764953760886473,0.8998995296041937,1.437151209426143,1.6307484966544228,1.6307484966544228,-0.45764953760886484,1664.0
-0.45764953760886484,-0.45764953760886484,-0.1971544646286257,1.6225681103507714,-0.45764953760886473,0.9144002910508762,-0.50001181611283,-0.6132153437832747,-0.6132153437832747,-0.45764953760886484,1323.0
-0.45764953760886484,-0.45764953760886484,-0.2127533665117425,-0.6163069479923508,-0.45764953760886473,0.8998995296041937,0.5376337697410895,1.6307484966544228,1.6307484966544228,-0.45764953760886484,1360.0
-0.45764953760886484,-0.45764953760886484,-0.2127533665117425,-0.6163069479923508,-0.45764953760886473,0.8998995296041937,-0.5909742538337904,1.6307484966544228,1.6307484966544228,-0.45764953760886484,1115.0
-0.45764953760886484,-0.45764953760886484,-2.3503862001637854,-0.6163069479923508,-0.45764953760886473,-1.1022896931728068,-1.2681390679787183,-0.6132153437832747,-0.6132153437832747,-0.45764953760886484,1225.0
-0.45764953760886484,-0.45764953760886484,-0.2127533665117425,-0.6163069479923508,-0.45764953760886473,0.8998995296041937,-1.2142354011811123,1.6307484966544228,1.6307484966544228,-0.45764953760886484,1368.0
-0.45764953760886484,-0.45764953760886484,-0.1971544646286257,1.6225681103507714,-0.45764953760886473,0.9144002910508762,-1.8779242986266385,-0.6132153437832747,-0.6132153437832747,-0.45764953760886484,990.0
-0.45764953760886484,-0.45764953760886484,-2.3503862001637854,-0.6163069479923508,-0.45764953760886473,-1.1022896931728068,-0.813326879373916,-0.6132153437832747,-0.6132153437832747,-0.45764953760886484,1310.0
-0.45764953760886484,-0.45764953760886484,-0.2127533665117425,-0.6163069479923508,-0.45764953760886473,0.8998995296041937,-0.3854665241679168,1.6307484966544228,1.6307484966544228,-0.45764953760886484,1215.0
-0.45764953760886484,-0.45764953760886484,-0.2127533665117425,-0.6163069479923508,-0.45764953760886473,0.8998995296041937,-0.9480860463679316,1.6307484966544228,1.6307484966544228,-0.45764953760886484,1012.0
-0.45764953760886484,-0.45764953760886484,-0.1971544646286257,1.6225681103507714,-0.45764953760886473,0.9144002910508762,1.9492360440034018,-0.6132153437832747,-0.6132153437832747,-0.45764953760886484,1878.0
-0.45764953760886484,-0.45764953760886484,1.0377915792989507,-0.6163069479923508,-0.45764953760886473,-1.1022896931728068,0.06260770608718474,-0.6132153437832747,-0.6132153437832747,-0.45764953760886484,2150.0
-0.45764953760886484,-0.45764953760886484,-2.3503862001637854,-0.6163069479923508,-0.45764953760886473,-1.1022896931728068,0.6723929367351049,-0.6132153437832747,-0.6132153437832747,-0.45764953760886484,2480.0
-0.45764953760886484,-0.45764953760886484,-0.1971544646286257,1.6225681103507714,-0.45764953760886473,0.9144002910508762,-0.3618836699439641,-0.6132153437832747,-0.6132153437832747,-0.45764953760886484,1295.0
-0.45764953760886484,-0.45764953760886484,-0.2127533665117425,-0.6163069479923508,-0.45764953760886473,0.8998995296041937,-0.8571236086469711,1.6307484966544228,1.6307484966544228,-0.45764953760886484,1575.0
-0.45764953760886484,-0.45764953760886484,1.0377915792989507,-0.6163069479923508,-0.45764953760886473,-1.1022896931728068,-1.419743130846986,-0.6132153437832747,-0.6132153437832747,-0.45764953760886484,1311.0
2.1850781391035974,2.1850781391035974,1.0770410993524973,-0.6163069479923508,2.1850781391035974,-1.1022896931728068,1.2754402090333243,-0.6132153437832747,-0.6132153437832747,2.1850781391035974,1809.0
-0.45764953760886484,-0.45764953760886484,-0.1971544646286257,1.6225681103507714,-0.45764953760886473,0.9144002910508762,-0.27429021139785403,-0.6132153437832747,-0.6132153437832747,-0.45764953760886484,1245.0
2.1850781391035974,2.1850781391035974,1.0770410993524973,-0.6163069479923508,2.1850781391035974,-1.1022896931728068,-0.8503856502972703,-0.6132153437832747,-0.6132153437832747,2.1850781391035974,1409.0
-0.45764953760886484,-0.45764953760886484,-0.1971544646286257,1.6225681103507714,-0.45764953760886473,0.9144002910508762,1.5786483347698592,-0.6132153437832747,-0.6132153437832747,-0.45764953760886484,1490.0
-0.45764953760886484,-0.45764953760886484,1.0377915792989507,-0.6163069479923508,-0.45764953760886473,-1.1022896931728068,-0.6111881288828928,-0.6132153437832747,-0.6132153437832747,-0.45764953760886484,1110.0
2.1850781391035974,2.1850781391035974,1.0770410993524973,-0.6163069479923508,2.1850781391035974,-1.1022896931728068,-0.7189954624781052,-0.6132153437832747,-0.6132153437832747,2.1850781391035974,1414.0
-0.45764953760886484,-0.45764953760886484,-0.2127533665117425,-0.6163069479923508,-0.45764953760886473,0.8998995296041937,-0.8503856502972703,1.6307484966544228,1.6307484966544228,-0.45764953760886484,1410.0
-0.45764953760886484,-0.45764953760886484,-0.2127533665117425,-0.6163069479923508,-0.45764953760886473,0.8998995296041937,-0.5606534412601369,1.6307484966544228,1.6307484966544228,-0.45764953760886484,1338.0
-0.45764953760886484,-0.45764953760886484,1.0377915792989507,-0.6163069479923508,-0.45764953760886473,-1.1022896931728068,-0.3046110239715075,-0.6132153437832747,-0.6132153437832747,-0.45764953760886484,1631.0
-0.45764953760886484,-0.45764953760886484,-0.2127533665117425,-0.6163069479923508,-0.45764953760886473,0.8998995296041937,-1.039048484088892,1.6307484966544228,1.6307484966544228,-0.45764953760886484,1440.0
-0.45764953760886484,-0.45764953760886484,-0.1971544646286257,1.6225681103507714,-0.45764953760886473,0.9144002910508762,-0.05193758585772843,-0.6132153437832747,-0.6132153437832747,-0.45764953760886484,2060.0
-0.45764953760886484,-0.45764953760886484,-0.2127533665117425,-0.6163069479923508,-0.45764953760886473,0.8998995296041937,0.5005749988177352,1.6307484966544228,1.6307484966544228,-0.45764953760886484,1545.0
-0.45764953760886484,-0.45764953760886484,-0.2127533665117425,-0.6163069479923508,-0.45764953760886473,0.8998995296041937,0.46688520706923126,1.6307484966544228,1.6307484966544228,-0.45764953760886484,2575.0
-0.45764953760886484,-0.45764953760886484,-0.1971544646286257,1.6225681103507714,-0.45764953760886473,0.9144002910508762,-0.7122575041284044,-0.6132153437832747,-0.6132153437832747,-0.45764953760886484,2424.0
-0.45764953760886484,-0.45764953760886484,-0.1971544646286257,1.6225681103507714,-0.45764953760886473,0.9144002910508762,-0.7324713791775067,-0.6132153437832747,-0.6132153437832747,-0.45764953760886484,920.0
-0.45764953760886484,-0.45764953760886484,1.0377915792989507,-0.6163069479923508,-0.45764953760886473,-1.1022896931728068,-0.9480860463679316,-0.6132153437832747,-0.6132153437832747,-0.45764953760886484,1105.0
-0.45764953760886484,-0.45764953760886484,-2.3503862001637854,-0.6163069479923508,-0.45764953760886473,-1.1022896931728068,-0.10584125265533463,-0.6132153437832747,-0.6132153437832747,-0.45764953760886484,2450.0
-0.45764953760886484,-0.45764953760886484,-0.2127533665117425,-0.6163069479923508,-0.45764953760886473,0.8998995296041937,0.24790156070395608,1.6307484966544228,1.6307484966544228,-0.45764953760886484,2026.0
2.1850781391035974,2.1850781391035974,1.0770410993524973,-0.6163069479923508,2.1850781391035974,-1.1022896931728068,0.6488100825111522,-0.6132153437832747,-0.6132153437832747,2.1850781391035974,1450.0
-0.45764953760886484,-0.45764953760886484,1.0377915792989507,-0.6163069479923508,-0.45764953760886473,-1.1022896931728068,0.7195586451830104,-0.6132153437832747,-0.6132153437832747,-0.45764953760886484,2944.0
-0.45764953760886484,-0.45764953760886484,1.0377915792989507,-0.6163069479923508,-0.45764953760886473,-1.1022896931728068,0.8138900620788212,-0.6132153437832747,-0.6132153437832747,-0.45764953760886484,1555.0
-0.45764953760886484,-0.45764953760886484,-0.1971544646286257,1.6225681103507714,-0.45764953760886473,0.9144002910508762,1.7875250436105832,-0.6132153437832747,-0.6132153437832747,-0.45764953760886484,820.0
-0.45764953760886484,-0.45764953760886484,-0.2127533665117425,-0.6163069479923508,-0.45764953760886473,0.8998995296041937,-0.22375552377509822,1.6307484966544228,1.6307484966544228,-0.45764953760886484,1420.0
-0.45764953760886484,-0.45764953760886484,1.0377915792989507,-0.6163069479923508,-0.45764953760886473,-1.1022896931728068,-1.2512941721044664,-0.6132153437832747,-0.6132153437832747,-0.45764953760886484,930.0
2.1850781391035974,2.1850781391035974,1.0770410993524973,-0.6163069479923508,2.1850781391035974,-1.1022896931728068,1.2956540840824267,-0.6132153437832747,-0.6132153437832747,2.1850781391035974,1180.0
-0.45764953760886484,-0.45764953760886484,-0.2127533665117425,-0.6163069479923508,-0.45764953760886473,0.8998995296041937,0.012073018464428932,1.6307484966544228,1.6307484966544228,-0.45764953760886484,2445.0
-0.45764953760886484,-0.45764953760886484,-0.1971544646286257,1.6225681103507714,-0.45764953760886473,0.9144002910508762,-0.8268027960733176,-0.6132153437832747,-0.6132153437832747,-0.45764953760886484,1241.0
-0.45764953760886484,-0.45764953760886484,-2.3503862001637854,-0.6163069479923508,-0.45764953760886473,-1.1022896931728068,0.6824998742596561,-0.6132153437832747,-0.6132153437832747,-0.45764953760886484,1895.0
2.1850781391035974,2.1850781391035974,1.0770410993524973,-0.6163069479923508,2.1850781391035974,-1.1022896931728068,-0.9076582962697269,-0.6132153437832747,-0.6132153437832747,2.1850781391035974,1425.0
-0.45764953760886484,-0.45764953760886484,-0.2127533665117425,-0.6163069479923508,-0.45764953760886473,0.8998995296041937,-1.419743130846986,1.6307484966544228,1.6307484966544228,-0.45764953760886484,1374.0
-0.45764953760886484,-0.45764953760886484,1.0377915792989507,-0.6163069479923508,-0.45764953760886473,-1.1022896931728068,0.4433023528452786,-0.6132153437832747,-0.6132153437832747,-0.45764953760886484,1455.0
-0.45764953760886484,-0.45764953760886484,-2.3503862001637854,-0.6163069479923508,-0.45764953760886473,-1.1022896931728068,0.09629749783568863,-0.6132153437832747,-0.6132153437832747,-0.45764953760886484,1899.0
2.1850781391035974,2.1850781391035974,1.0770410993524973,-0.6163069479923508,2.1850781391035974,-1.1022896931728068,-1.2782460055032696,-0.6132153437832747,-0.6132153437832747,2.1850781391035974,1484.0
-0.45764953760886484,-0.45764953760886484,-0.2127533665117425,-0.6163069479923508,-0.45764953760886473,0.8998995296041937,-1.6488337147368122,1.6307484966544228,1.6307484966544228,-0.45764953760886484,1060.0
-0.45764953760886484,-0.45764953760886484,-0.1971544646286257,1.6225681103507714,-0.45764953760886473,0.9144002910508762,0.7364035410572622,-0.6132153437832747,-0.6132153437832747,-0.45764953760886484,1529.0
-0.45764953760886484,-0.45764953760886484,-0.2127533665117425,-0.6163069479923508,-0.45764953760886473,0.8998995296041937,-1.099690109236199,1.6307484966544228,1.6307484966544228,-0.45764953760886484,1604.0
-0.45764953760886484,-0.45764953760886484,-0.1971544646286257,1.6225681103507714,-0.45764953760886473,0.9144002910508762,-0.2540763363487517,-0.6132153437832747,-0.6132153437832747,-0.45764953760886484,2000.0
-0.45764953760886484,-0.45764953760886484,1.0377915792989507,-0.6163069479923508,-0.45764953760886473,-1.1022896931728068,0.24453258152910567,-0.6132153437832747,-0.6132153437832747,-0.45764953760886484,1515.0
-0.45764953760886484,-0.45764953760886484,-0.1971544646286257,1.6225681103507714,-0.45764953760886473,0.9144002910508762,-0.8335407544230183,-0.6132153437832747,-0.6132153437832747,-0.45764953760886484,1680.0
-0.45764953760886484,-0.45764953760886484,-0.1971544646286257,1.6225681103507714,-0.45764953760886473,0.9144002910508762,0.9991839166955925,-0.6132153437832747,-0.6132153437832747,-0.45764953760886484,1875.0
-0.45764953760886484,-0.45764953760886484,1.0377915792989507,-0.6163069479923508,-0.45764953760886473,-1.1022896931728068,-0.6111881288828928,-0.6132153437832747,-0.6132153437832747,-0.45764953760886484,1388.0
-0.45764953760886484,-0.45764953760886484,-0.1971544646286257,1.6225681103507714,-0.45764953760886473,0.9144002910508762,-0.5101187536373811,-0.6132153437832747,-0.6132153437832747,-0.45764953760886484,1025.0
-0.45764953760886484,-0.45764953760886484,1.0377915792989507,-0.6163069479923508,-0.45764953760886473,-1.1022896931728068,0.8105210829039708,-0.6132153437832747,-0.6132153437832747,-0.45764953760886484,1365.0
2.1850781391035974,2.1850781391035974,1.0770410993524973,-0.6163069479923508,2.1850781391035974,-1.1022896931728068,0.45340929036982974,-0.6132153437832747,-0.6132153437832747,2.1850781391035974,1384.0
-0.45764953760886484,-0.45764953760886484,1.0377915792989507,-0.6163069479923508,-0.45764953760886473,-1.1022896931728068,-0.43937019096552304,-0.6132153437832747,-0.6132153437832747,-0.45764953760886484,2106.0
-0.45764953760886484,-0.45764953760886484,-2.3503862001637854,-0.6163069479923508,-0.45764953760886473,-1.1022896931728068,-0.7964819834996641,-0.6132153437832747,-0.6132153437832747,-0.45764953760886484,1235.0
-0.45764953760886484,-0.45764953760886484,-2.3503862001637854,-0.6163069479923508,-0.45764953760886473,-1.1022896931728068,-1.049155421613443,-0.6132153437832747,-0.6132153437832747,-0.45764953760886484,1150.0
2.1850781391035974,2.1850781391035974,1.0770410993524973,-0.6163069479923508,2.1850781391035974,-1.1022896931728068,-0.873968504521223,-0.6132153437832747,-0.6132153437832747,2.1850781391035974,1671.0
-0.45764953760886484,-0.45764953760886484,-0.1971544646286257,1.6225681103507714,-0.45764953760886473,0.9144002910508762,1.4876858970488986,-0.6132153437832747,-0.6132153437832747,-0.45764953760886484,2065.0
-0.45764953760886484,-0.45764953760886484,-0.2127533665117425,-0.6163069479923508,-0.45764953760886473,0.8998995296041937,-1.2849839638529703,1.6307484966544228,1.6307484966544228,-0.45764953760886484,1099.0
-0.45764953760886484,-0.45764953760886484,-0.2127533665117425,-0.6163069479923508,-0.45764953760886473,0.8998995296041937,-0.45958406601462537,1.6307484966544228,1.6307484966544228,-0.45764953760886484,1726.0
-0.45764953760886484,-0.45764953760886484,-0.1971544646286257,1.6225681103507714,-0.45764953760886473,0.9144002910508762,1.2956540840824267,-0.6132153437832747,-0.6132153437832747,-0.45764953760886484,1225.0
-0.45764953760886484,-0.45764953760886484,-0.2127533665117425,-0.6163069479923508,-0.45764953760886473,0.8998995296041937,-1.1670696927332067,1.6307484966544228,1.6307484966544228,-0.45764953760886484,1245.0
-0.45764953760886484,-0.45764953760886484,-0.1971544646286257,1.6225681103507714,-0.45764953760886473,0.9144002910508762,-0.29113510727210595,-0.6132153437832747,-0.6132153437832747,-0.45764953760886484,1375.0
-0.45764953760886484,-0.45764953760886484,-0.2127533665117425,-0.6163069479923508,-0.45764953760886473,0.8998995296041937,-1.4534329225954896,1.6307484966544228,1.6307484966544228,-0.45764953760886484,1110.0
-0.45764953760886484,-0.45764953760886484,-2.3503862001637854,-0.6163069479923508,-0.45764953760886473,-1.1022896931728068,-0.36862162829366485,-0.6132153437832747,-0.6132153437832747,-0.45764953760886484,1655.0
-0.45764953760886484,-0.45764953760886484,-0.2127533665117425,-0.6163069479923508,-0.45764953760886473,0.8998995296041937,-0.6785677123799005,1.6307484966544228,1.6307484966544228,-0.45764953760886484,1000.0
2.1850781391035974,2.1850781391035974,1.0770410993524973,-0.6163069479923508,2.1850781391035974,-1.1022896931728068,0.8374729163027739,-0.6132153437832747,-0.6132153437832747,2.1850781391035974,1179.0
-0.45764953760886484,-0.45764953760886484,-0.1971544646286257,1.6225681103507714,-0.45764953760886473,0.9144002910508762,-0.12942410687928735,-0.6132153437832747,-0.6132153437832747,-0.45764953760886484,699.0
2.1850781391035974,2.1850781391035974,1.0770410993524973,-0.6163069479923508,2.1850781391035974,-1.1022896931728068,1.6056001681686622,-0.6132153437832747,-0.6132153437832747,2.1850781391035974,2531.0
-0.45764953760886484,-0.45764953760886484,-0.1971544646286257,1.6225681103507714,-0.45764953760886473,0.9144002910508762,-0.6314020039319951,-0.6132153437832747,-0.6132153437832747,-0.45764953760886484,1434.0
-0.45764953760886484,-0.45764953760886484,-0.2127533665117425,-0.6163069479923508,-0.45764953760886473,0.8998995296041937,1.437151209426143,1.6307484966544228,1.6307484966544228,-0.45764953760886484,1380.0
-0.45764953760886484,-0.45764953760886484,1.0377915792989507,-0.6163069479923508,-0.45764953760886473,-1.1022896931728068,-1.3287806931260253,-0.6132153437832747,-0.6132153437832747,-0.45764953760886484,1488.0
2.1850781391035974,2.1850781391035974,1.0770410993524973,-0.6163069479923508,2.1850781391035974,-1.1022896931728068,0.429826436145877,-0.6132153437832747,-0.6132153437832747,2.1850781391035974,1725.0
2.1850781391035974,2.1850781391035974,1.0770410993524973,-0.6163069479923508,2.1850781391035974,-1.1022896931728068,1.5887552722944103,-0.6132153437832747,-0.6132153437832747,2.1850781391035974,1791.0
-0.45764953760886484,-0.45764953760886484,-0.1971544646286257,1.6225681103507714,-0.45764953760886473,0.9144002910508762,0.6083823324129476,-0.6132153437832747,-0.6132153437832747,-0.45764953760886484,2219.0
-0.45764953760886484,-0.45764953760886484,-0.2127533665117425,-0.6163069479923508,-0.45764953760886473,0.8998995296041937,-0.9952517548158369,1.6307484966544228,1.6307484966544228,-0.45764953760886484,1657.0
2.1850781391035974,2.1850781391035974,1.0770410993524973,-0.6163069479923508,2.1850781391035974,-1.1022896931728068,-0.604450170533192,-0.6132153437832747,-0.6132153437832747,2.1850781391035974,1490.0
-0.45764953760886484,-0.45764953760886484,-0.2127533665117425,-0.6163069479923508,-0.45764953760886473,0.8998995296041937,-0.008140856584673393,1.6307484966544228,1.6307484966544228,-0.45764953760886484,1652.0
-0.45764953760886484,-0.45764953760886484,1.0377915792989507,-0.6163069479923508,-0.45764953760886473,-1.1022896931728068,1.2417504172848204,-0.6132153437832747,-0.6132153437832747,-0.45764953760886484,1725.0
-0.45764953760886484,-0.45764953760886484,-0.1971544646286257,1.6225681103507714,-0.45764953760886473,0.9144002910508762,-0.9817758381164354,-0.6132153437832747,-0.6132153437832747,-0.45764953760886484,1379.0
-0.45764953760886484,-0.45764953760886484,-0.1971544646286257,1.6225681103507714,-0.45764953760886473,0.9144002910508762,-1.0693692966625454,-0.6132153437832747,-0.6132153437832747,-0.45764953760886484,1506.0
-0.45764953760886484,-0.45764953760886484,-0.1971544646286257,1.6225681103507714,-0.45764953760886473,0.9144002910508762,-0.19006573202659433,-0.6132153437832747,-0.6132153437832747,-0.45764953760886484,995.0
2.1850781391035974,2.1850781391035974,1.0770410993524973,-0.6163069479923508,2.1850781391035974,-1.1022896931728068,-0.2709212322230036,-0.6132153437832747,-0.6132153437832747,2.1850781391035974,1379.0
-0.45764953760886484,-0.45764953760886484,1.0377915792989507,-0.6163069479923508,-0.45764953760886473,-1.1022896931728068,-0.708888524953554,-0.6132153437832747,-0.6132153437832747,-0.45764953760886484,1320.0
-0.45764953760886484,-0.45764953760886484,-0.2127533665117425,-0.6163069479923508,-0.45764953760886473,0.8998995296041937,-0.4932738577631292,1.6307484966544228,1.6307484966544228,-0.45764953760886484,1576.0
-0.45764953760886484,-0.45764953760886484,-0.1971544646286257,1.6225681103507714,-0.45764953760886473,0.9144002910508762,-0.004771877409823006,-0.6132153437832747,-0.6132153437832747,-0.45764953760886484,1457.0
-0.45764953760886484,-0.45764953760886484,-0.1971544646286257,1.6225681103507714,-0.45764953760886473,0.9144002910508762,-0.604450170533192,-0.6132153437832747,-0.6132153437832747,-0.45764953760886484,1425.0
2.1850781391035974,2.1850781391035974,1.0770410993524973,-0.6163069479923508,2.1850781391035974,-1.1022896931728068,1.2956540840824267,-0.6132153437832747,-0.6132153437832747,2.1850781391035974,2360.0
-0.45764953760886484,-0.45764953760886484,1.0377915792989507,-0.6163069479923508,-0.45764953760886473,-1.1022896931728068,0.6926068117842072,-0.6132153437832747,-0.6132153437832747,-0.45764953760886484,1936.0
-0.45764953760886484,-0.45764953760886484,-0.2127533665117425,-0.6163069479923508,-0.45764953760886473,0.8998995296041937,0.8105210829039708,1.6307484966544228,1.6307484966544228,-0.45764953760886484,1375.0
-0.45764953760886484,-0.45764953760886484,-0.2127533665117425,-0.6163069479923508,-0.45764953760886473,0.8998995296041937,0.9048524997997817,1.6307484966544228,1.6307484966544228,-0.45764953760886484,1782.0
